#melhor.pose.x;melhor.pose.y;melhor.pose.z;melhor.ypr.x;melhor.ypr.y;melhor.ypr.z;pior.pose.x;pior.pose.y;pior.pose.z;pior.ypr.x;pior.ypr.y;pior.ypr.z;media.pose.x;media.pose.y;media.pose.z;media.ypr.x;media.ypr.y;media.ypr.z;
17.4365;-6.63342;-1.77587;-0.0384393;-0.0280804;0.0409927;153.599;147.946;-56.7223;-0.00315854;0.0114005;-0.0402114;-1.73898;-0.853319;-17.2726;0.00908591;0.00197759;0.0109631;
17.4144;-6.60438;-1.82598;-0.0667484;-0.000839682;0.0315917;88.173;-19.2716;-60.5319;0.0581362;0.0256637;0.0106027;-0.490105;-5.19964;-12.9194;0.0168904;-0.0038978;0.0256053;
17.4311;-6.48171;-1.74659;-0.0628453;-0.0591593;0.0261383;29.0654;21.3846;-60.9722;0.0444123;-0.104813;0.0221005;0.818925;-6.28673;-11.0307;0.0188977;-0.00558896;0.0320842;
17.5356;-6.39925;-1.75857;-0.0390356;-0.0684947;0.0427898;55.9995;-7.76552;-28.9723;0.0478334;-0.0744313;-0.0724466;1.26547;-5.85781;-10.9384;0.0230961;-0.00512168;0.033762;
17.6325;-6.4698;-1.89872;-0.0624458;-0.0129468;0.0387437;17.7806;-44.957;-24.1308;-0.0181133;0.0350407;-0.00102733;1.61646;-5.19753;-10.8871;0.0287815;-0.00953316;0.0335764;
17.727;-6.59182;-1.86893;-0.107628;-0.00937831;0.0663722;-23.2481;23.3639;-16.7975;-0.0155871;0.0675644;0.0273949;2.56678;-4.66569;-10.3403;0.0316504;-0.00979851;0.0363606;
17.7946;-6.45818;-1.51349;-0.0075999;-0.0254967;0.121684;-23.0353;23.1598;-16.5646;-0.00828412;-0.0871314;-0.0688701;3.78753;-4.78748;-9.88285;0.0307378;-0.00985789;0.0383018;
17.8368;-6.41712;-1.88964;-0.126532;-0.0834514;0.0548397;-22.8092;22.9373;-16.5363;0.0324454;0.036268;-0.0966113;4.03863;-4.2911;-9.72785;0.0294884;-0.00729698;0.0326738;
18.0046;-6.40768;-1.42926;0.0568549;0.026972;0.200122;9.68612;10.8089;-31.745;-0.0773432;-0.0695945;0.0268532;4.51485;-4.50402;-9.55738;0.0355036;-0.00248581;0.0368327;
18.0738;-6.50301;-1.75515;-0.0242288;0.0121986;0.0221826;9.78529;10.989;-31.5827;-0.242549;-0.0322378;0.190488;5.43144;-4.5513;-8.84998;0.0340972;0.002983;0.0375232;
18.1603;-6.36558;-1.47206;0.0953341;0.00171241;0.171283;31.4166;-9.45841;-11.5687;0.0814159;-0.102773;-0.0146673;7.32745;-4.11471;-8.62518;0.0338775;0.00331132;0.037052;
18.2353;-6.31655;-1.47822;0.117348;-0.0250825;0.130086;31.1487;-9.67274;-11.9092;-0.152141;0.0638908;-0.050613;8.71306;-4.10305;-8.07592;0.0297849;0.00210179;0.0274589;
18.3089;-6.24956;-1.38576;0.144414;-0.0642583;0.147639;31.3481;-9.68802;-11.7771;-0.204827;-0.0105388;0.0418291;8.62951;-3.73718;-8.58172;0.030134;-0.00204776;0.0361253;
18.3044;-6.72726;-2.1163;-0.0729324;0.158369;0.0128482;31.3111;-9.80017;-11.8163;-0.215264;0.0256325;0.055496;9.76266;-3.7902;-8.1418;0.0303876;0.00135547;0.0367061;
18.6262;-6.18327;-1.56665;-0.0926744;0.029954;0.0294648;20.0517;-15.0453;-13.6346;0.25385;-0.0611118;0.0153319;10.027;-3.95526;-7.66164;0.0271897;-0.00502513;0.0302495;
18.6328;-6.25229;-1.49699;-0.0906244;0.0557679;-0.0267348;20.1593;-14.9299;-13.5535;0.197538;0.0437232;0.0131217;9.87558;-4.32614;-6.7868;0.0227748;0.0042548;0.0185458;
18.6289;-6.2682;-1.55206;-0.118222;0.0599255;-0.0488067;20.2418;-14.9098;-13.5303;0.209935;0.0424413;0.0245365;10.3723;-4.46731;-6.50657;0.0223468;-0.000974304;0.0172772;
18.7318;-6.22892;-1.51629;-0.102283;0.0581475;-0.0878566;20.4322;-14.8869;-13.5143;0.230586;-0.00455117;0.0239047;10.9387;-4.26516;-6.66827;0.0242665;-0.0074846;0.0139449;
18.8064;-6.62536;-1.37767;-0.154306;-0.132904;0.10274;20.4788;-14.7105;-13.6018;0.338114;-0.0558307;0.106256;11.4263;-4.10216;-6.8086;0.0325584;-0.014898;0.0184744;
18.964;-6.33675;-1.58163;-0.114478;0.142133;-0.043594;-13.8339;-12.8991;-18.3487;0.18055;-0.141315;0.0859053;11.7471;-4.38692;-6.34638;0.0279547;-0.0153402;0.0132444;
18.9697;-6.18805;-1.56258;0.0878531;-0.161666;-0.100191;-19.9795;-2.52915;-10.9187;0.0119028;0.0161167;-0.254487;11.4632;-4.43721;-6.02091;0.0353891;-0.0146645;0.00954462;
3.59917;2.7951;-19.6459;0.149669;-0.232184;-0.0778408;-19.9657;-2.36387;-10.9407;0.00782947;-0.0313799;-0.251162;12.1723;-4.41936;-6.0595;0.0313524;-0.0180408;0.0193305;
3.99219;3.00395;-19.542;0.233595;-0.218014;-0.120514;-19.8976;-2.38627;-11.0112;-0.023822;-0.000692099;-0.254902;12.4164;-4.15466;-6.54033;0.0347176;-0.0171999;0.0239174;
3.81354;2.67373;-19.5864;0.144025;-0.216228;-0.117365;-19.7872;-2.75403;-10.8939;-0.0484176;-0.0318669;-0.218964;13.447;-4.37491;-6.13054;0.0264665;-0.0258851;0.0270396;
4.2336;3.04557;-19.4468;0.220605;-0.228133;-0.0943024;-19.5541;-2.76131;-10.9566;-0.0640989;-0.0634181;-0.2367;13.6906;-4.45802;-5.99106;0.032353;-0.0186282;0.0201561;
4.66384;3.0774;-19.2518;0.231934;-0.280836;-0.119848;21.002;-7.30907;-2.18373;-0.0104289;0.0794953;-0.171594;14.6511;-4.45462;-5.89404;0.0220641;-0.0350607;0.0231057;
5.21984;2.93939;-19.1915;0.192333;-0.251274;-0.123335;21.5176;-7.35609;-2.20728;0.0531645;0.104305;-0.227108;15.4178;-4.36519;-5.9795;0.0371568;-0.0269633;0.0303055;
5.81978;2.93954;-18.977;0.190956;-0.246055;-0.0695638;21.9107;-7.90233;-2.56057;0.202414;0.175973;-0.309906;16.5818;-4.61436;-5.42696;0.0352962;-0.0380077;0.0344104;
-16.8991;-1.9034;-10.3882;0.302374;-0.163174;0.0121551;22.528;-7.6526;-2.32891;0.0557954;0.125475;-0.180602;17.914;-5.01338;-4.64437;0.0178588;-0.0369777;0.0282101;
-15.9462;-1.92243;-10.2208;0.301822;-0.164885;0.0220073;23.5916;-7.76309;-2.41465;0.100695;0.058041;-0.218583;18.2525;-4.81633;-4.88428;0.0175159;-0.0417031;0.0270929;
-14.4734;-1.83975;-9.78656;0.28865;-0.231668;0.0215601;25.131;-8.1705;-2.56897;0.0743873;0.0884992;-0.239475;18.8654;-4.76639;-4.86808;0.028065;-0.0438477;0.0254877;
-12.4483;-2.19015;-9.51582;0.356828;-0.206283;-0.0423556;27.1029;-8.54382;-2.69791;0.0364589;0.100516;-0.215701;20.2206;-4.63832;-4.91413;0.0254954;-0.0446964;0.0249608;
-10.1852;-2.06011;-9.07689;0.390929;-0.221046;0.0172312;28.9542;-9.72707;-4.06341;0.128028;0.142308;-0.209579;22.8225;-4.64277;-4.78981;0.0198712;-0.0488998;0.0192045;
-8.03903;-3.44097;-13.2497;0.341547;0.249047;-0.110834;31.3708;-10.2085;-4.33745;0.112799;0.151336;-0.197374;24.7767;-4.5606;-4.97232;0.0189166;-0.0332025;0.0169277;
-5.34867;-3.9199;-14.0158;0.345428;0.29191;-0.134425;33.6677;-11.8602;-4.74691;0.110066;0.0876588;-0.370003;26.0843;-4.1447;-5.96286;0.0374635;-0.0219839;0.00611078;
-2.68165;-4.25357;-14.9843;0.379006;0.33264;-0.112565;36.5274;-12.105;-5.43243;0.0956225;0.131603;-0.263228;27.7388;-3.91684;-6.56554;0.0481651;-0.016856;-0.000830796;
24.2589;1.01857;-16.5968;0.237284;-0.2008;-0.15137;39.3394;-13.0401;-6.07236;0.106704;0.14587;-0.313773;29.9634;-3.39523;-7.31221;0.0461854;-0.0140359;0.00599605;
27.2948;0.531232;-15.8262;0.278218;-0.173516;-0.160105;42.3105;-13.7554;-6.44157;0.12741;0.137156;-0.292159;32.6902;-2.93317;-7.92251;0.0506479;-0.00195391;0.0159271;
30.1884;0.467117;-15.1711;0.218824;-0.267258;-0.112175;6.94939;-1.17037;-8.64548;0.274192;-0.0994322;0.0747001;35.7963;-2.63417;-8.1585;0.0517837;-0.00383767;0.0198589;
33.0747;0.0993291;-14.5093;0.217634;-0.230143;-0.117755;9.93502;-0.870985;-8.5181;0.204653;-0.0631154;0.112598;38.7784;-2.04254;-8.82864;0.0727381;0.00360733;0.0317167;
35.7764;0.0371149;-14.1025;0.163029;-0.23986;-0.0589071;13.1308;-0.28168;-7.99989;-0.231253;-0.16635;0.0209191;40.7069;-1.50411;-9.64027;0.0940748;-0.00567294;0.0290713;
38.6596;-0.137906;-13.3538;0.194515;-0.245851;-0.0748266;16.1089;0.191775;-8.10582;-0.140137;-0.155121;0.0479496;42.553;-0.475095;-11.107;0.108364;-0.00180007;0.0361634;
41.5431;-0.316286;-12.4479;0.17686;-0.251591;-0.036784;18.818;1.2533;-8.0096;-0.116367;-0.145217;0.0862256;45.9727;-0.0649941;-11.0772;0.110158;-0.00645984;0.0469442;
44.3769;-0.664272;-11.3435;0.262509;-0.356024;-0.113507;21.6809;1.53481;-7.46927;-0.0926383;-0.176067;0.0935896;48.0522;1.46376;-13.1678;0.128165;0.00139194;0.063573;
47.3319;-0.459707;-10.9389;0.165865;-0.253868;-0.0028103;25.0181;0.694356;-6.34589;-0.179071;-0.231361;0.0643671;50.5614;1.79279;-13.92;0.140085;-0.000447108;0.0630675;
50.4743;-0.511605;-10.3558;0.0638478;-0.289219;0.0205742;27.9003;0.885099;-5.74997;-0.213089;-0.211138;0.0736758;53.1373;2.22085;-14.9058;0.150827;0.00874662;0.0563979;
51.0135;17.0374;-9.4205;0.548466;-0.288246;0.355331;30.8205;1.00709;-5.10971;-0.199157;-0.233468;0.0904785;55.0457;2.98494;-16.3391;0.169292;0.0168555;0.0549692;
54.0647;17.9625;-8.38892;0.524828;-0.297769;0.294975;34.0392;0.72539;-5.45237;-0.14686;-0.124485;0.00816112;57.4906;3.71601;-17.9148;0.18131;0.0321863;0.0612453;
58.7726;10.1612;-10.5051;0.250832;-0.276405;0.152084;36.9804;-4.5004;-10.6349;-0.250834;0.0667715;-0.0177078;60.6111;3.78852;-19.2012;0.180711;0.0455014;0.0522643;
62.0305;-7.39722;-11.854;0.251258;-0.0934408;-0.251219;39.92;-5.03661;-10.6677;-0.257457;0.101354;-0.0685841;64.1591;4.05566;-18.9571;0.18744;0.0424168;0.0558879;
63.8149;15.8106;-10.6858;0.400563;-0.176985;0.204302;43.1875;-4.71076;-10.2509;-0.162581;-0.0296464;-0.00916524;66.8483;4.7675;-19.6244;0.203678;0.0437206;0.0643227;
66.9848;15.5278;-10.6713;0.452105;-0.184337;0.229486;46.2373;-4.79824;-10.1061;-0.15312;-0.0678355;-0.0358365;69.1057;5.55114;-20.818;0.193346;0.044162;0.0649907;
69.6389;17.9917;-9.82849;0.404001;-0.159042;0.270168;49.2872;-4.77709;-9.94696;-0.193467;-0.084244;0.00510621;72.0402;5.33221;-22.0172;0.185238;0.0622417;0.0593695;
73.5765;14.5361;-9.53366;0.360397;-0.254288;0.148012;52.2375;-4.62479;-9.77985;-0.191248;-0.0304924;0.0176367;74.6587;6.15427;-21.2108;0.194;0.0427796;0.0621256;
76.6404;14.6365;-9.62477;0.28955;-0.166297;0.167443;55.2969;-4.87785;-9.62009;-0.176664;-0.0434178;-0.00679303;77.6405;6.7122;-20.7799;0.186915;0.0277252;0.0650482;
79.6232;15.1632;-9.38719;0.288317;-0.110252;0.206682;58.2911;-4.85395;-9.44857;-0.1413;-0.0508725;-0.00136899;80.5797;7.33412;-20.4043;0.194194;0.0203828;0.0662881;
83.7088;0.323657;-14.1287;0.414501;0.0413849;0.0234679;98.4666;-21.2704;-9.16369;0.071298;0.00452648;-0.252315;83.4511;7.60574;-21.007;0.190416;0.0324652;0.0697439;
86.6623;0.38845;-14.6723;0.430196;0.143875;0.0243933;101.142;-22.5888;-9.28117;0.0267119;0.0236826;-0.357039;86.1239;7.3725;-21.4275;0.206061;0.0270203;0.0594285;
89.6524;0.285558;-14.9051;0.409515;0.115957;-0.0164868;103.976;-23.6302;-9.30705;0.0660069;0.0125479;-0.35218;88.9836;8.28624;-21.8602;0.215539;0.0333714;0.0701609;
92.6048;0.735508;-15.455;0.40187;0.139024;0.0669658;103.14;-21.641;-29.6279;0.0346173;0.254762;-0.236312;91.9407;8.92509;-21.6881;0.229134;0.0364272;0.072648;
95.6081;-0.31364;-15.6734;0.321551;0.169075;-0.0759989;105.987;-21.8403;-30.7013;0.0140625;0.268203;-0.172864;94.8111;8.8225;-22.7228;0.238549;0.048934;0.0665322;
98.538;-0.51461;-16.3584;0.241298;0.187929;-0.0512147;108.86;-22.3967;-31.5566;0.0489793;0.315368;-0.175783;97.6718;8.28421;-23.6419;0.243523;0.0533977;0.0611782;
101.452;-0.403031;-17.1394;0.19403;0.204956;0.0234582;111.599;-22.7036;-32.594;0.0221757;0.345348;-0.166045;100.562;8.95724;-23.0706;0.256233;0.0469038;0.090314;
104.552;2.58192;-16.4676;0.372448;0.0613301;0.272815;114.502;-22.967;-33.646;0.0329612;0.349484;-0.0808416;103.169;9.59997;-23.1343;0.256384;0.048447;0.190965;
107.496;3.33477;-16.5958;0.37503;0.0421579;0.351091;117.305;-22.8362;-34.6769;0.0551711;0.384889;0.0415675;105.944;10.7018;-24.4737;0.244001;0.0608886;0.293368;
109.439;20.506;-9.16579;0.502582;-0.116514;0.40967;120.102;-22.7978;-35.3829;0.0347727;0.343174;0.0787273;108.625;10.8741;-23.4178;0.24458;0.0456278;0.403475;
111.446;23.9245;-13.2288;0.454005;0.0608441;0.664624;123.232;-22.7209;-34.6215;0.0361501;0.269328;0.241894;111.1;13.0456;-22.6836;0.241839;0.0433415;0.571794;
115.827;-4.8018;-17.8918;0.0221914;0.0941948;0.583904;125.875;-21.5136;-35.5056;0.0167056;0.27536;0.420659;113.589;13.8608;-23.1253;0.228892;0.058565;0.71196;
115.293;29.0978;-13.8281;0.447018;0.066498;0.919253;128.308;-19.9559;-36.2357;-0.035524;0.246042;0.599668;115.429;16.9071;-24.0897;0.243731;0.0645845;0.868112;
120.663;3.75887;-15.371;0.277783;-0.0434818;0.704016;130.396;-17.9205;-37.1261;0.0491404;0.299128;0.754973;116.896;19.9769;-24.348;0.251325;0.0645863;1.02223;
118.718;32.6108;-7.72048;0.350143;-0.169193;1.08697;132.508;-15.9305;-37.0199;0.126575;0.161494;0.805439;118.158;21.7925;-23.4507;0.257934;0.0590613;1.16041;
118.358;36.8456;-14.2414;0.447057;0.0573899;1.30508;133.448;-13.2134;-38.8569;-0.0213917;0.346648;1.08731;118.777;24.8778;-24.034;0.270476;0.0627388;1.31052;
118.236;34.0074;-26.3494;0.0221473;-0.123781;1.60787;134.436;-10.6382;-39.9659;-0.0319546;0.356319;1.20279;119.203;27.1474;-24.2642;0.275192;0.0661949;1.45718;
119.633;39.9381;-9.90075;0.564278;-0.125705;1.62521;118.248;19.3619;-57.554;-0.0453129;0.473178;1.47965;119.024;30.4947;-24.5061;0.281793;0.0643278;1.6088;
119.015;43.6087;-4.89762;0.341001;-0.150638;1.69238;118.372;22.1845;-58.3823;-0.096919;0.420034;1.55821;118.539;33.2451;-23.8703;0.270531;0.0595097;1.75544;
126.514;7.64799;2.80413;0.232178;-0.174789;1.43711;118.007;24.9117;-59.7044;-0.115086;0.458768;1.71823;117.473;36.6507;-24.9343;0.266479;0.0623563;1.90749;
111.401;47.0276;-36.5649;0.243585;0.0630618;2.16795;117.397;27.5699;-61.1544;-0.100644;0.501527;1.82796;116.396;39.2632;-26.6242;0.262384;0.0728109;2.04554;
114.759;50.3326;-6.52866;0.598563;0.0240041;2.26861;116.165;29.9937;-62.5896;-0.146537;0.476769;1.97256;114.14;42.8454;-26.1655;0.271904;0.0730337;2.21318;
109.515;56.2436;-16.2762;0.483748;0.129421;2.39917;114.865;32.3434;-63.899;-0.150836;0.460347;2.09488;111.928;44.9217;-27.1261;0.26829;0.0759586;2.3822;
102.567;49.6232;-45.3535;0.147296;0.180909;2.73358;112.028;33.9679;-64.5457;-0.0996843;0.382342;2.30777;109.983;46.4573;-26.1662;0.278493;0.0711727;2.52319;
104.181;58.6933;-16.8746;0.493372;0.121092;2.75757;109.724;35.2747;-66.3582;-0.155628;0.49714;2.51039;107.711;46.7533;-24.9654;0.272073;0.0568112;2.66685;
101.296;59.2146;-17.1778;0.497882;0.102774;2.91033;107.317;36.5178;-67.7507;-0.19202;0.470997;2.67542;105.268;47.1019;-25.3771;0.263164;0.0564327;2.81558;
98.2754;59.2851;-18.0669;0.346126;0.147941;3.07634;105.008;38.8109;-67.4164;-0.0754818;0.260456;2.70168;102.789;46.4431;-24.0542;0.269459;0.0411294;2.95746;
99.6222;45.9107;-29.3279;0.104811;0.00857056;3.26252;102.251;39.4002;-68.599;-0.029184;0.339851;2.83799;100.184;46.1484;-23.8141;0.269479;0.0241236;3.09129;
101.791;31.3931;-30.3508;0.184066;0.04306;3.05471;99.5126;39.9895;-69.5375;-0.0422529;0.321785;2.92196;97.0711;45.7867;-21.6753;0.271441;0.0119261;3.15685;
89.5754;39.997;-45.216;0.0457942;0.193072;3.50871;96.6675;40.6308;-70.4033;-0.0165854;0.29675;2.91093;94.2923;45.994;-21.6156;0.283145;0.00943927;3.1595;
86.131;40.2197;-45.0074;0.152682;0.125871;3.40356;93.8532;41.292;-71.1649;-0.0101949;0.268912;2.9454;91.4547;45.5738;-21.4882;0.277622;0.0127257;3.16318;
81.9979;58.2762;19.5644;0.148514;-0.289335;3.26702;90.9956;41.9852;-72.0047;-0.00428796;0.243117;2.91012;88.1346;45.7726;-22.1112;0.270634;0.0170084;3.17039;
89.4798;32.6483;-29.4479;0.218687;-0.0722994;3.00628;85.2943;37.5571;-72.1856;-0.00541982;0.313913;3.11356;85.3108;45.0421;-18.7977;0.26942;-0.00292004;3.16773;
89.0915;35.3128;15.0792;0.237892;-0.125888;2.81552;82.5097;37.5198;-73.1925;-0.0136419;0.355705;3.1508;82.443;44.6511;-18.2156;0.260261;-0.00889017;3.16005;
85.9525;36.3953;13.3287;0.109694;0.0134691;2.79638;79.7412;37.563;-74.3096;-0.0109269;0.378683;3.11862;79.81;43.882;-16.879;0.259532;-0.0133292;3.14659;
68.1574;52.5357;-30.539;0.394924;0.146203;3.63108;77.1198;37.2411;-75.3504;0.0783798;0.402683;3.15733;77.2845;43.6541;-15.0456;0.271898;-0.0263244;3.14208;
73.0365;39.8296;-30.6093;0.156808;0.0689959;3.39819;74.3685;37.1085;-76.6216;0.0948572;0.428291;3.18983;74.2733;43.5232;-14.6062;0.278191;-0.0335817;3.14965;
79.6356;29.1776;-14.3538;0.432314;-0.163174;3.27276;72.7021;55.3978;-59.7108;0.298937;0.23009;2.97871;71.4684;43.0272;-14.5736;0.271028;-0.0408325;3.15096;
65.1896;51.826;-4.16855;0.875834;0.0437176;3.16835;69.7655;55.5966;-60.4837;0.229246;0.267211;3.03496;68.6135;42.9266;-13.5795;0.272726;-0.0433835;3.14807;
65.5449;35.0984;-31.7339;0.133728;0.0458808;3.47978;66.7085;55.6722;-60.935;0.272401;0.182903;3.03518;66.0535;42.8076;-12.8886;0.272792;-0.0588857;3.14613;
62.5823;39.6935;-24.9724;0.449186;0.043987;3.18844;63.6823;56.0375;-61.4933;0.279651;0.18783;3.0343;63.0675;42.5968;-12.698;0.26944;-0.053935;3.14377;
59.1044;42.3837;-20.7285;0.307409;-0.0297137;3.08438;60.7973;56.3581;-62.22;0.251384;0.239856;3.02287;60.0123;42.2378;-12.6556;0.254707;-0.0603096;3.14385;
50.1899;53.0187;-4.2064;0.375872;-0.303225;3.18869;56.4663;48.3269;-62.1357;0.29204;0.189151;3.15342;56.7006;42.4412;-13.3468;0.254517;-0.0438228;3.14861;
53.5589;39.6869;-23.5272;0.457006;0.0508174;3.22613;53.518;48.6543;-62.2246;0.310755;0.111678;3.09606;53.5927;42.3225;-12.5942;0.256425;-0.0440546;3.15938;
49.5525;35.58;-30.6812;0.0318619;-0.0525043;3.31348;50.5995;48.7079;-62.4835;0.330985;0.0839133;3.13048;50.5947;41.6911;-12.5472;0.238602;-0.0486983;3.16643;
46.6355;34.9953;-30.7397;0.0322791;0.0159182;3.34915;47.5635;49.0394;-62.6392;0.387359;0.0779342;3.07779;47.8544;41.2055;-11.0826;0.23844;-0.0568057;3.16513;
44.5358;38.3139;-24.1766;0.346888;0.101383;3.23968;51.4601;63.3887;-23.3951;-0.00572993;0.154393;2.80212;44.878;40.9407;-9.42211;0.224797;-0.0621933;3.17084;
41.3856;33.5072;-30.367;0.142976;0.148023;3.3839;47.9103;61.8601;-23.8895;-0.0301338;0.115884;2.90647;42.1629;41.5084;-7.36261;0.236782;-0.0741893;3.16591;
38.88;32.3091;-30.1677;0.0844369;0.0753475;3.33546;44.8114;62.6393;-24.0914;0.036544;0.105231;2.89562;39.0981;41.7094;-7.70726;0.238402;-0.0763738;3.17104;
29.3586;48.5125;-2.9304;0.372849;-0.171756;3.24801;41.913;63.345;-24.4424;0.0344454;0.10414;2.91283;35.9981;40.5786;-7.9178;0.239369;-0.0697725;3.18579;
33.2392;30.9206;-30.5687;0.0534941;0.0647202;3.39191;33.6054;69.7515;10.2224;0.335042;-0.178534;2.98257;33.2075;39.8377;-7.10941;0.230727;-0.071112;3.17938;
30.3003;30.0229;-31.0378;0.0282767;0.0802498;3.37969;30.6749;70.3211;10.8079;0.299562;-0.225681;2.98294;30.8986;38.6126;-5.92948;0.227408;-0.0747427;3.18077;
27.3646;34.5433;-25.6251;0.298513;0.081723;3.36933;27.7057;70.8158;11.3872;0.269362;-0.208283;2.98091;27.6807;38.2427;-7.20711;0.23117;-0.0669603;3.19161;
23.0097;35.1295;-25.7424;0.0521886;-0.0378006;3.13007;29.6772;64.3215;-14.8579;0.132222;-0.0235207;2.86085;24.757;36.6818;-9.56733;0.224732;-0.0535944;3.20772;
20.0544;34.7758;-25.6385;0.0920063;-0.0497656;3.17124;26.8458;65.1071;-14.8534;0.123859;-0.00736301;2.88417;21.6622;35.4588;-9.95383;0.213873;-0.0552238;3.22238;
17.6594;28.4859;-31.7322;0.0148474;0.105841;3.27852;23.9561;65.9941;-14.8915;0.105903;-0.00187731;2.87209;18.7621;34.5243;-10.9378;0.211592;-0.0528153;3.2326;
14.6766;28.14;-31.6138;0.0340151;-0.0199155;3.3001;21.0265;66.7613;-14.8021;0.144638;-0.00186526;2.87075;15.8783;34.3214;-10.3651;0.220155;-0.0540518;3.23554;
10.8716;33.9954;-25.186;0.0259784;-0.0466555;3.24124;18.054;67.5055;-14.883;0.195049;0.021715;2.88125;13.2481;33.9174;-10.7539;0.217359;-0.0462929;3.24279;
9.88932;25.3022;-32.8918;0.0209358;0.102817;3.30596;15.2208;68.2635;-14.9272;0.193254;0.00163254;2.86834;9.8742;32.6845;-13.0818;0.228782;-0.0360279;3.26502;
5.2226;32.8506;-25.5901;0.0563588;-0.0312843;3.23651;25.3249;63.5304;3.12399;0.307047;0.0454202;2.53961;6.85592;32.7137;-11.7469;0.229227;-0.039136;3.26072;
-1.76248;5.44425;-40.9598;-0.181737;0.00489409;3.47783;22.5574;64.7977;4.8755;0.18544;0.00172906;2.62457;3.88632;32.409;-10.6487;0.237251;-0.0486806;3.25882;
-0.783871;32.0451;-25.631;0.00737982;0.00728211;3.28075;9.83512;31.5145;54.5275;0.537184;-0.535239;3.23566;0.555198;32.2795;-13.6492;0.24106;-0.0254115;3.26308;
0.844779;26.1435;-31.4911;0.358195;0.0179393;3.30656;7.27817;31.386;56.1051;0.591635;-0.568307;3.21739;-2.71931;31.0767;-15.6241;0.229597;-0.0152875;3.2759;
-5.14538;22.9365;-33.6272;0.209941;0.0835984;3.46429;4.73161;30.7375;57.2961;0.470852;-0.505651;3.26807;-5.70381;30.4276;-15.6497;0.22761;-0.0164047;3.28099;
-8.50328;24.6062;-32.1156;0.104509;0.0334977;3.31251;-2.79054;6.94206;-61.2163;0.314633;0.413954;3.44671;-8.62876;29.5583;-16.3659;0.227287;-0.0111458;3.29325;
-11.3156;24.1035;-32.3395;0.081892;0.0285189;3.24886;-2.18337;60.159;8.0581;-0.135998;0.188466;2.79478;-11.4629;28.7634;-16.7498;0.214435;-0.0098608;3.30081;
-14.0491;21.98;-33.7224;0.0267164;-0.0311397;3.32822;-5.07803;61.0717;7.58304;-0.169894;0.16463;2.83538;-14.0592;27.9708;-17.4154;0.209415;-0.0104924;3.30264;
-18.6641;30.3251;-25.0868;0.0953034;-0.0209921;3.23237;-9.22052;36.1959;48.0592;0.397843;-0.509738;3.00977;-16.9054;27.4509;-16.2349;0.213289;-0.0131205;3.30225;
-20.2825;22.6335;-32.7664;0.168878;-0.060246;3.33043;-11.7902;36.3886;49.6015;0.443085;-0.544989;3.05083;-20.0349;26.8187;-17.3952;0.208638;-0.0157767;3.31232;
-24.5367;29.9324;-24.8207;0.0946931;-0.0424647;3.21693;-14.2035;36.766;51.2458;0.465604;-0.589171;3.04399;-23.0076;26.2743;-18.1715;0.191446;-0.0119424;3.30698;
-24.4597;15.5289;-37.5365;0.15448;0.219152;3.53584;-16.7425;37.031;52.9488;0.456418;-0.580662;3.04493;-25.6404;25.6586;-17.6603;0.177617;-0.00720484;3.30899;
-28.8757;20.5837;-33.822;0.133408;0.0424976;3.37404;-19.3514;37.3262;54.6025;0.407699;-0.564887;2.97614;-28.5552;25.1938;-18.5452;0.181413;0.00792228;3.30906;
-29.5521;32.1293;-26.1836;0.100612;-0.0994345;3.1367;-21.9061;37.7845;56.1477;0.511406;-0.587026;2.99995;-31.4241;24.5151;-19.7433;0.184186;0.022578;3.31259;
-32.3744;11.8311;-39.6741;0.112658;0.210374;3.65104;-25.0081;37.0221;56.6195;0.521857;-0.470011;3.04747;-34.3667;22.8473;-21.4146;0.165487;0.0314968;3.32357;
-35.3235;10.9919;-40.2633;0.139133;0.187154;3.53928;-27.3428;37.7325;58.0824;0.382015;-0.534127;3.03745;-37.2885;22.3619;-22.2384;0.160288;0.0310733;3.32375;
-38.782;9.85183;-40.1906;0.481171;0.222546;3.4041;-30.0268;38.0888;59.5107;0.384285;-0.496078;3.03999;-40.4375;22.1604;-21.7842;0.170521;0.0278624;3.31887;
-43.1592;16.4327;-36.4395;0.107651;0.0950809;3.39318;-30.7337;25.446;63.9409;0.38107;-0.59287;3.29983;-43.4954;22.4235;-21.5112;0.172446;0.0238024;3.31773;
-44.0557;8.2549;-41.4024;0.0790364;0.194488;3.48316;-33.4048;25.0994;65.2313;0.396745;-0.526575;3.28508;-46.203;19.7861;-22.62;0.168751;0.0326721;3.33945;
-54.8195;31.5932;-0.25428;0.401735;-0.202206;3.37341;-36.0509;24.4142;66.5575;0.442386;-0.48346;3.32364;-49.274;19.6095;-22.8771;0.164225;0.031591;3.33532;
-58.1965;30.2411;0.755355;0.181804;-0.16679;3.41355;-38.5243;23.8041;68.2043;0.521525;-0.480445;3.30259;-52.0703;19.7047;-22.8161;0.159726;0.0279307;3.33386;
-54.8952;11.5137;-38.3904;0.132086;0.00201101;3.39918;-41.1241;23.4957;69.697;0.549158;-0.494392;3.24459;-54.9857;18.6544;-25.5177;0.150079;0.0486584;3.33233;
-64.1575;28.7483;-3.46045;0.0738146;0.0736719;3.43782;-43.7579;23.2971;71.061;0.547424;-0.492099;3.21119;-57.4219;18.1038;-25.1551;0.157518;0.0487764;3.3349;
-61.9346;23.0297;-30.6585;0.544282;0.0303859;3.42812;-46.4787;22.624;71.8778;0.524759;-0.467539;3.30578;-60.2019;17.1596;-25.5472;0.150559;0.0428875;3.32721;
-63.0743;11.1382;-39.6687;0.195308;0.172488;3.41563;-61.6272;64.4802;2.38401;0.761786;-0.159661;2.84404;-63.2948;17.3143;-26.4143;0.143142;0.0547364;3.33021;
-65.9317;10.1878;-40.2094;0.315428;0.171291;3.50023;-64.4452;65.4066;2.978;0.774178;-0.195686;2.83913;-66.097;16.6367;-24.9552;0.156778;0.0394801;3.32743;
-70.8516;20.6103;-32.7006;-0.0492041;-0.135338;3.29705;-67.2999;65.5474;3.7438;0.758987;-0.207052;2.87133;-69.0631;16.6224;-24.0152;0.149647;0.0348736;3.32287;
-71.7479;8.84512;-41.4538;0.184232;0.179151;3.37897;-75.4549;-14.2475;-55.6293;-0.0329241;0.25019;3.25765;-71.9236;16.6741;-21.5621;0.155057;0.0170584;3.31621;
-69.7931;-4.7457;-49.9416;0.15109;0.188137;3.54391;-78.3445;-14.6281;-56.4252;-0.0188697;0.252008;3.25798;-74.4682;15.5052;-22.8089;0.141995;0.027542;3.31741;
-72.4219;-5.49944;-50.7615;0.103531;0.262551;3.49207;-81.2044;-14.7893;-57.2313;-0.00273721;0.263473;3.22133;-77.5749;14.7479;-22.6082;0.142132;0.0283443;3.31789;
-87.2079;26.3656;5.15353;0.109196;-0.224552;3.20492;-84.0829;-15.3185;-58.103;-0.110173;0.295434;3.2733;-80.5529;14.9848;-21.7141;0.146243;0.0214454;3.30792;
-77.1976;-8.78273;-52.8174;0.226319;0.270361;3.57762;-86.3705;-14.1741;-60.3301;-0.0936648;0.384335;3.2163;-83.3916;14.9273;-20.3285;0.147139;0.00783284;3.3063;
-93.1252;24.6265;7.95906;0.469575;-0.183155;3.2883;-89.5311;-16.2098;-60.2962;-0.140303;0.392377;3.29646;-86.3799;14.2747;-22.6192;0.161925;0.0175839;3.30815;
-95.8983;24.3578;8.98264;0.512592;-0.247167;-2.91527;-92.4221;-17.049;-61.0685;-0.163938;0.317327;-2.84964;-89.114;11.7847;-25.2852;0.156022;0.0334419;-2.87975;
-98.6975;23.3455;9.73564;0.481755;-0.227877;-2.79771;-94.7636;-17.7189;-62.8336;-0.0877223;0.432405;-2.81603;-91.7413;12.4444;-23.9061;0.17689;0.0306784;-2.78418;
-101.387;22.2529;10.3167;0.444363;-0.229925;-2.73614;-97.2786;-18.6827;-64.2768;-0.141952;0.497141;-2.73859;-94.1899;10.1568;-24.2404;0.192729;0.0370897;-2.67326;
-97.4151;1.58451;-43.2536;0.223866;0.214062;-2.64442;-99.5787;-20.0291;-65.7084;-0.127367;0.483462;-2.6173;-96.4434;9.16592;-24.0835;0.199766;0.0361938;-2.57074;
-98.4186;22.3823;-40.8777;0.733254;0.285099;-2.36991;-101.785;-21.4925;-67.153;-0.161345;0.523487;-2.52923;-98.7595;7.53653;-25.4736;0.217545;0.0483676;-2.4619;
-101.175;-1.06837;-44.6371;-0.108581;0.0339376;-2.19508;-103.694;-23.2148;-68.6937;-0.249179;0.527274;-2.41671;-100.63;3.22615;-27.1379;0.209641;0.0484472;-2.34425;
-106.224;4.97195;-36.7391;-0.114442;0.076259;-2.2503;-105.348;-25.3456;-70.2594;-0.1632;0.540952;-2.30716;-102.295;0.113829;-25.6707;0.218646;0.0426905;-2.22775;
-103.887;7.98051;46.3582;0.332832;-0.67114;-2.30224;-106.917;-30.4779;-67.6794;-0.00889152;0.303001;-2.12229;-103.796;-2.09649;-25.1838;0.23059;0.0375405;-2.1246;
-106.348;-11.4748;-43.1483;0.412919;0.132736;-2.07818;-108.307;-32.9983;-68.6477;-0.00141871;0.317621;-2.06503;-105.184;-3.92047;-24.7778;0.243585;0.0382272;-2.02918;
-111.173;30.4526;16.7195;0.531598;-0.320135;-2.16867;-108.614;-35.7758;-70.2829;0.0645448;0.396862;-1.92858;-105.994;-6.44349;-23.5029;0.238326;0.0278572;-1.93293;
-112.579;28.0018;17.736;0.553852;-0.339154;-2.06766;-109.366;-38.4181;-71.5525;0.0229638;0.424981;-1.86063;-106.946;-9.37023;-25.9285;0.239661;0.0410663;-1.83151;
-107.23;-5.37381;49.0211;0.545531;-0.507727;-1.71014;-109.914;-41.0508;-72.6234;0.0730157;0.406688;-1.76659;-107.468;-12.0793;-28.4718;0.226434;0.0517326;-1.73246;
-96.9379;-47.408;-48.9546;-0.0346266;0.254597;-1.38992;-110.25;-43.8644;-73.5809;0.0779916;0.392926;-1.68435;-107.524;-15.4773;-25.663;0.226082;0.0389544;-1.63056;
-107.128;-38.4975;-33.7128;0.0221804;-0.0243561;-1.58393;-106.685;-58.6388;-59.0226;-0.446002;0.027804;-1.52971;-107.722;-17.3672;-24.0811;0.219954;0.020113;-1.53709;
-111.702;-18;-35.9976;-0.13901;0.0474639;-1.45064;-104.733;-60.6567;-62.9497;-0.25237;0.306952;-1.33356;-107.699;-20.0258;-23.4058;0.204354;0.0148358;-1.44901;
-104.201;-16.076;54.1698;0.457854;-0.428391;-1.25711;-105.818;-64.5478;-58.952;-0.467206;-0.0244362;-1.37569;-107.009;-22.4111;-24.3229;0.215336;0.0194629;-1.35223;
-91.0732;-59.1235;-46.4055;-0.112902;-0.0503165;-1.02058;-104.954;-67.3415;-58.8819;-0.449235;-0.0371813;-1.27077;-106.098;-23.5737;-23.2419;0.227701;0.0132567;-1.24215;
-100.659;-20.3942;56.8915;0.390455;-0.432301;-0.935679;-103.846;-70.0771;-58.9299;-0.486002;0.032257;-1.15751;-105.323;-24.1899;-19.1377;0.254735;-0.00723697;-1.14855;
-107.88;-28.4214;-33.3013;-0.163574;-0.0247648;-0.983799;-102.508;-72.7381;-59.0474;-0.463526;0.0330622;-1.08531;-104.116;-26.3483;-19.7075;0.256284;-0.0038064;-1.04719;
-114.445;0.880776;14.652;0.437607;-0.191721;-1.24939;-100.635;-75.318;-58.92;-0.449438;0.00383972;-1.02241;-102.638;-27.9518;-20.6449;0.25035;-0.00511221;-0.945884;
-112.988;-2.00552;14.9563;0.434233;-0.128138;-1.1216;-93.0008;-72.9609;-68.338;-0.329307;0.286926;-0.539164;-100.164;-30.5807;-24.0719;0.246276;0.00880137;-0.830473;
-72.9342;-69.8952;-49.6227;-0.0582901;-0.00514699;-0.405403;-88.4133;-76.7713;-61.9586;-0.176841;0.128555;-0.519225;-98.2436;-31.3454;-20.5243;0.271912;-0.00544141;-0.733109;
-105.013;-26.8348;22.1963;0.635013;-0.161785;-0.72968;-85.6304;-77.8658;-62.3884;-0.18024;0.14967;-0.3737;-95.7497;-32.8556;-20.2998;0.27473;-0.0131378;-0.62592;
-102.631;-28.7511;22.7152;0.627549;-0.187925;-0.651028;-82.7844;-78.7031;-62.7816;-0.161988;0.1533;-0.278242;-92.7401;-35.2757;-19.7619;0.274001;-0.0154309;-0.522706;
-61.6899;-69.5152;-53.0734;0.0680391;0.106471;-0.0408661;-93.5037;-57.8777;-65.386;0.499418;0.402044;-0.554736;-90.8868;-35.7006;-18.9746;0.276347;-0.0149628;-0.438637;
-90.4299;-39.7479;-34.9885;-0.316582;-0.0247743;-0.151722;-90.7511;-58.5336;-66.8441;0.504524;0.465202;-0.362457;-89.2655;-33.9637;-16.439;0.280229;-0.0360047;-0.350844;
-55.6731;-66.433;-54.0541;0.0361439;0.0928862;0.290895;-85.8921;-58.5868;-65.0884;0.652001;0.280647;-0.306472;-87.1492;-34.0057;-17.4365;0.298501;-0.0250468;-0.269914;
-78.1913;-28.6607;-54.8121;0.908113;0.14418;-0.269613;-72.7646;-76.2993;-60.2783;0.0286657;0.302898;-0.224159;-84.7813;-33.6074;-15.7357;0.315186;-0.0307766;-0.177222;
-71.0021;-44.494;-48.678;-0.0835599;0.184141;0.239529;-69.7862;-76.2896;-61.4258;0.0840899;0.331276;-0.0610781;-81.3286;-34.5675;-16.7153;0.310964;-0.0277541;-0.0747457;
-85.79;-11.4947;37.1805;0.449728;-0.416343;-0.155311;-66.3762;-74.5627;-61.8292;-0.00969984;0.283943;0.138818;-78.9726;-33.11;-16.9399;0.315355;-0.0230339;-0.00438301;
-82.5668;-10.4927;37.6851;0.334462;-0.381573;-0.0656607;-63.5176;-74.1801;-62.7134;0.0151057;0.297558;0.13916;-75.8445;-32.6558;-15.8887;0.337186;-0.0371702;0.00013906;
-79.8033;-13.0597;35.7492;0.383254;-0.221427;-0.217665;-60.7731;-73.7441;-63.3906;-0.022587;0.265503;0.162466;-72.6552;-31.6575;-15.2118;0.356724;-0.0398932;0.00268788;
-75.9593;-9.38788;38.9239;0.430518;-0.361289;-0.100571;-57.8479;-73.245;-64.0217;-0.0419531;0.231228;0.169316;-70.4;-31.2315;-14.3653;0.361421;-0.0467353;-0.00957718;
-58.3713;-26.2668;-52.6608;0.655792;0.0871013;0.0949551;-54.9082;-72.9961;-64.6019;-0.0105563;0.203626;0.102079;-67.1255;-31.2023;-17.0613;0.347284;-0.033305;0.000979556;
-55.4507;-26.1255;-51.8347;0.762504;0.000695003;0.0663875;-52.0288;-72.6431;-65.3184;-0.0395817;0.239216;0.113496;-65.9349;-29.3145;-12.1364;0.369414;-0.0514243;-0.0266345;
-66.5462;-9.91917;37.694;0.460846;-0.309866;-0.0305259;-49.0136;-72.3676;-65.966;0.00276714;0.224562;0.10152;-63.6939;-28.3705;-8.53397;0.363703;-0.0748653;-0.0240774;
-63.4678;-7.12044;38.6089;0.377207;-0.284987;0.0832764;-50.3659;-44.4557;-76.6284;-0.214086;0.381189;0.100976;-60.7775;-27.7071;-6.37207;0.363101;-0.0912873;-0.017256;
-60.3685;-12.6658;36.6929;0.562468;-0.273033;-0.109929;-47.4719;-44.2542;-77.5989;-0.265088;0.368198;0.0878112;-57.9266;-26.9832;-4.2369;0.347375;-0.10107;-0.00536794;
-57.4136;-13.2199;36.5859;0.493621;-0.145044;-0.12894;-49.0188;-38.8853;78.1726;0.341726;-0.26575;-0.0861197;-55.8115;-25.7866;-0.0910673;0.367626;-0.119418;-0.0183061;
-54.1935;-13.3307;36.4833;0.470836;-0.09239;-0.167802;-40.2301;-42.086;-75.5731;-0.307928;0.223815;0.169177;-52.4066;-25.3073;-1.84305;0.362587;-0.116738;0.00404979;
-51.2635;-14.0214;36.6365;0.47428;-0.0636774;-0.199453;-37.2939;-41.4063;-75.9838;-0.299779;0.165155;0.168869;-50.0016;-24.4892;1.50485;0.368871;-0.124575;-0.00479583;
-48.289;-37.05;-2.36225;0.0614998;-0.0331985;-0.113705;-34.4945;-40.689;-76.6538;-0.254834;0.231812;0.21083;-47.0247;-24.7778;-0.184895;0.377787;-0.118438;-0.00741721;
-45.286;-37.3934;-2.4337;0.100298;-0.0662551;-0.17641;-31.4775;-40.0245;-76.776;-0.318881;0.0994469;0.251697;-45.1289;-23.9054;4.70705;0.377992;-0.134291;-0.0224348;
-42.3534;-37.2487;-1.75751;0.0527637;-0.0234768;-0.125948;-45.3078;-62.932;-44.9075;0.105613;0.183156;-0.330152;-41.7482;-24.4769;3.35672;0.36891;-0.126737;-0.014888;
-39.3546;-36.9188;-0.645049;0.088226;-0.111306;-0.049948;-25.1443;-39.9023;-71.2144;-0.219495;0.133636;0.163182;-37.9806;-24.7663;2.07109;0.366569;-0.125167;0.0138454;
-36.3718;-37.0801;-0.294492;0.0581962;-0.122135;-0.0524192;-40.0159;-21.5457;-67.5667;0.304241;0.330264;-0.0640962;-35.3185;-24.5536;1.6993;0.368831;-0.121042;0.00679051;
-25.6993;-21.5336;36.492;0.480204;-0.223694;0.0957195;-37.2548;-21.7132;-68.4327;0.328287;0.329523;-0.0410483;-32.2962;-24.3753;2.0838;0.372824;-0.117323;0.00759946;
-30.6133;-36.0951;0.976204;-0.0235964;-0.10845;-0.0344485;-34.5019;-21.8077;-69.4035;0.335264;0.33571;-0.0506156;-28.4101;-24.133;-0.196416;0.373342;-0.104453;0.0216563;
-27.6453;-35.743;2.4854;0.0304037;-0.177105;-0.0587632;-0.989071;-63.8974;-41.5155;0.232882;0.0553486;0.20783;-25.8464;-23.8179;1.67647;0.362059;-0.107782;0.0275874;
-24.6018;-35.5679;2.19763;0.0445713;-0.112434;-0.0134086;-38.1789;-21.4082;56.3146;0.536562;-0.368371;-0.252779;-22.4185;-24.2674;-1.85302;0.338008;-0.0878012;0.0532291;
-21.391;-35.5261;1.66407;-0.0942712;-0.0604444;-0.067551;-35.9059;-24.939;56.1598;0.279818;-0.394025;-0.299354;-20.6078;-25.2712;0.536933;0.314751;-0.089379;0.034057;
-18.7125;-34.9304;4.51071;0.162878;-0.250113;-0.0327019;-33.4321;-25.8196;57.4761;0.282389;-0.432009;-0.312613;-18.1647;-25.4796;3.26095;0.308041;-0.0901095;0.0295013;
-15.6896;-34.884;1.92515;-0.0321142;-0.119942;0.0159131;-29.7382;-23.1925;59.2756;0.593591;-0.320407;-0.2475;-15.0477;-26.1516;2.59358;0.279823;-0.0827586;0.0312567;
-12.4128;-34.5273;-2.04219;-0.185313;0.0328534;-0.0399404;-9.11587;-21.9375;-63.4897;0.34837;0.116668;0.126038;-12.2298;-27.0555;3.21843;0.25123;-0.0880461;0.0340913;
-9.33684;-34.4273;-2.68472;-0.109491;0.0686751;-0.0321364;-6.17831;-21.6087;-63.9199;0.34457;0.139114;0.0925735;-9.05833;-27.7685;0.988014;0.201099;-0.0787634;0.0429022;
-6.62432;-34.0216;3.95305;-0.0147609;-0.11407;2.44689e-05;-3.26178;-21.3758;-64.5318;0.39081;0.180419;0.0982551;-6.16707;-28.0964;2.84313;0.189715;-0.090853;0.0432419;
-3.64806;-33.7598;-3.6444;-0.0363015;0.0958584;0.0401883;-0.271718;-21.2681;-64.9992;0.42834;0.167909;0.0579124;-3.67356;-29.1326;2.06189;0.14543;-0.0833509;0.0472139;
-0.503454;-33.6803;-2.01385;-0.0833154;0.00869249;0.0511361;-6.56718;-15.6263;63.6272;0.506939;-0.395615;-0.0628829;-0.91565;-28.881;1.43217;0.130747;-0.0850203;0.0573303;
2.56655;-33.5909;-2.13373;-0.105168;0.0627025;0.0596147;-3.84308;-15.8036;64.7564;0.439787;-0.411329;-0.0737266;2.06521;-28.9209;0.366749;0.103316;-0.0798023;0.0541296;
5.44121;-33.1176;-2.27694;-0.0932859;0.0764611;0.126059;-1.20516;-15.8158;66.0479;0.503281;-0.431053;-0.0719574;4.77264;-29.3033;1.73944;0.107948;-0.0872017;0.0419317;
8.39904;-32.8023;-2.5533;-0.131869;0.0875752;0.0848128;1.47852;-16.1323;67.2632;0.52486;-0.413818;-0.0829593;7.40144;-30.0745;0.882947;0.0721542;-0.0855592;0.0380746;
11.4213;-32.6611;-2.82497;-0.114831;0.0764805;0.0627604;24.8193;-18.7306;-51.5735;1.01084;0.100901;0.0855663;10.3635;-30.7695;0.418615;0.0539311;-0.0762054;0.0279908;
14.3426;-32.2369;-3.15093;-0.112449;0.124243;0.149201;27.7747;-17.0562;-51.8865;0.919969;0.131572;0.259216;13.2594;-30.8604;-1.45268;0.0283611;-0.0741431;0.11943;
17.1487;-31.6896;-3.55738;-0.112791;0.126597;0.181989;9.68739;19.351;57.7611;0.279606;-0.310639;0.47914;15.893;-30.0831;0.796522;0.0257868;-0.0868948;0.196969;
18.6194;-30.42;10.6968;0.0466432;-0.155212;0.452746;12.2831;20.552;58.7241;0.29321;-0.317615;0.4696;18.8439;-29.3335;0.403477;0.0199228;-0.0863077;0.195894;
21.5062;-29.569;11.058;0.0490476;-0.130803;0.39977;14.6032;21.8631;59.5864;0.30587;-0.330488;0.447376;21.7559;-29.5101;0.234081;0.00689064;-0.0819611;0.18818;
25.8247;-29.5757;4.78692;0.0404906;-0.153147;0.216336;14.5166;-8.57151;62.3751;0.257699;-0.415114;0.156289;24.5304;-28.7859;1.42221;0.0157239;-0.0976791;0.195224;
28.284;-29.2965;5.62407;0.226783;0.0263189;0.256429;17.1052;-7.93572;63.4996;0.165389;-0.357628;0.192424;27.4365;-27.9469;1.83772;0.0103405;-0.0972223;0.19387;
31.5183;-28.6643;-3.09715;-0.140512;0.0944845;0.0777231;21.0676;-13.4001;60.2854;0.295524;-0.208909;-0.0507443;30.3382;-26.7682;1.2926;0.0195154;-0.0916423;0.202606;
34.0924;-27.9603;4.80071;0.165955;0.0664851;0.246778;23.9688;-13.4319;61.1587;0.257524;-0.248884;-0.0385351;33.2298;-25.99;0.323092;0.010324;-0.0960966;0.203237;
36.5357;-5.83875;-28.0758;-0.144569;-0.226288;0.433001;26.7845;-13.0916;62.1188;0.259547;-0.311637;0.0452803;36.1942;-25.1682;-0.2456;0.00171574;-0.0877003;0.204278;
39.5781;-6.41304;-27.3172;0.0406536;-0.0892688;0.323206;29.5531;-12.9634;62.7189;0.183457;-0.25749;0.0413343;39.016;-23.7303;0.16709;0.00503514;-0.0968608;0.209495;
42.2705;-4.97278;-27.2887;-0.049408;-0.123657;0.42163;32.8824;-13.9117;62.8696;0.318735;-0.236997;-0.0426978;41.885;-23.3135;-0.156211;-0.00107666;-0.0930481;0.213763;
44.4321;-2.4385;-28.0734;0.0528129;0.00821691;0.445248;35.8567;-13.7592;63.5355;0.310733;-0.219599;0.0172685;44.7697;-22.8881;-2.05495;-0.0233139;-0.0831789;0.217159;
48.3157;-23.9926;11.025;-0.0831082;-0.241698;0.189402;38.7868;-13.7666;64.1564;0.325414;-0.214241;0.0139681;47.68;-21.5452;-3.59621;-0.0240894;-0.0785496;0.231158;
47.0473;5.36592;-32.286;-0.00429084;0.0492619;0.664783;41.5649;-13.1416;65.0445;0.307146;-0.282616;0.102486;50.5235;-19.5802;-5.55298;-0.028103;-0.0692416;0.244955;
53.8695;-1.71296;-26.3259;-0.149233;-0.101488;0.334447;44.5309;-13.0486;65.8577;0.303835;-0.252453;0.0590548;53.2128;-18.639;-4.11917;-0.0252286;-0.0872427;0.249632;
56.6979;-0.692;-26.2704;-0.153619;-0.110554;0.328042;45.5829;46.2013;51.8331;0.627668;-0.420492;0.576218;56.1545;-18.1136;-4.38917;-0.030346;-0.080559;0.249132;
59.7724;-21.9547;12.9688;-0.0118899;-0.20753;0.265191;47.9423;47.6498;53.0099;0.661808;-0.403132;0.554478;59.0588;-17.5513;-4.96262;-0.0416262;-0.0742036;0.251071;
62.2573;1.39491;-25.523;-0.174867;-0.10701;0.36364;50.7781;48.998;53.6054;0.567315;-0.404433;0.519789;61.6531;-15.3783;-4.9239;-0.024728;-0.0782712;0.267021;
65.4969;-20.6004;14.2889;-0.0355711;-0.197602;0.218942;51.8051;54.4615;51.3773;0.518595;-0.340151;0.71674;64.4978;-15.3443;-4.9996;-0.0296096;-0.067402;0.260299;
68.5262;-19.5956;14.555;-0.105816;-0.198476;0.340959;53.9359;56.3725;52.3392;0.545358;-0.337314;0.730396;67.195;-14.141;-4.09299;-0.0214087;-0.0709347;0.264653;
66.4833;16.2937;-31.5016;0.0705347;0.133526;0.581263;56.2774;58.3917;52.4295;0.622585;-0.249821;0.724643;70.0982;-12.8074;-4.74097;-0.0240209;-0.0683386;0.27475;
68.9539;18.0375;-31.744;0.052911;0.108433;0.636745;72.0216;5.80749;-56.0634;-0.415517;0.23465;0.312821;73.0147;-13.0318;-3.71746;-0.0257946;-0.072003;0.26699;
77.3319;-22.2582;6.10678;-0.150598;-0.0215748;0.310017;74.4663;7.95828;-56.8063;-0.38348;0.27087;0.411987;75.4993;-10.1163;-4.66586;-0.0356332;-0.0757239;0.286185;
80.3031;-21.4987;6.43627;-0.133472;-0.0615047;0.24677;77.0794;9.11664;-57.7467;-0.395367;0.312728;0.381921;78.2599;-10.8537;-3.65482;-0.0363287;-0.0734085;0.274694;
82.5189;-22.2024;10.5511;-0.0692584;-0.146692;0.275159;79.4497;-44.1462;40.2705;0.260185;-0.476106;-0.146227;81.3197;-10.2667;-4.34819;-0.0449802;-0.0735373;0.274147;
84.8557;-16.7036;20.6279;-0.264245;-0.235614;0.031402;82.0596;-44.5128;41.579;0.190533;-0.455042;-0.156537;84.0055;-7.56997;-5.79152;-0.0510034;-0.0696975;0.288764;
83.453;-12.1262;36.0298;0.147351;-0.439669;0.375219;85.0989;-44.85;41.6435;0.201362;-0.359772;-0.198749;86.7704;-6.75197;-6.78156;-0.0576265;-0.0459822;0.293144;
91.3822;7.32983;-22.6448;-0.0465175;-0.278982;0.447315;87.8914;-45.3812;42.64;0.23294;-0.318146;-0.181124;89.3616;-3.25995;-8.85836;-0.0721157;-0.0458187;0.310945;
87.0935;28.5586;-33.1084;-0.229918;0.141764;0.435224;99.7368;-21.2633;-41.7483;-0.276238;0.058933;-0.101895;92.5954;-3.8514;-8.4243;-0.0696274;-0.044323;0.297598;
98.5521;-0.810502;-18.6461;-0.13992;-0.281349;0.237038;102.724;-21.4853;-41.9675;-0.302873;0.0761917;-0.0923426;95.5835;-3.65434;-8.65162;-0.0705851;-0.0372119;0.294794;
92.2298;31.3107;-34.0677;-0.223953;0.141639;0.43618;105.641;-21.9305;-42.3542;-0.334482;0.0771584;-0.174264;98.2537;-1.87869;-10.0659;-0.0664283;-0.0265645;0.205894;
98.9293;-14.2371;35.568;0.00997606;-0.245677;0.205764;108.519;-22.6043;-42.3491;-0.271562;0.00447039;-0.245301;100.997;-0.764493;-11.1363;-0.068161;-0.0215783;0.105527;
97.1123;33.9723;-36.2132;0.219503;0.175886;0.267553;108.176;-48.4921;12.1458;-0.277977;-0.041573;-0.502519;104.032;-1.08271;-10.9253;-0.081992;-0.0226027;-0.00394961;
104.81;-15.3565;36.5508;-0.07145;-0.282469;-0.144034;110.75;-50.1606;12.4071;-0.231105;-0.0764988;-0.577388;107.025;-2.94854;-8.61009;-0.0852945;-0.029585;-0.114493;
107.614;-16.0667;37.6176;-0.0818135;-0.320036;-0.271719;113.002;-52.161;12.437;-0.286382;-0.0531098;-0.727388;110.38;-4.86034;-10.8741;-0.0999189;-0.0142883;-0.227874;
110.253;-16.9666;38.4928;-0.0797818;-0.318192;-0.342778;115.313;-54.2044;12.2555;-0.281682;-0.000595493;-0.764926;112.906;-3.72583;-11.2547;-0.0963168;-0.0201696;-0.307983;
113.998;-16.0911;36.9363;0.535645;-0.215344;-0.587553;117.432;-56.416;12.3506;-0.319946;-0.0538652;-0.839757;115.559;-5.4159;-11.079;-0.10367;-0.0166354;-0.408553;
115.23;-19.6913;40.3569;-0.0617955;-0.303687;-0.570866;110.817;25.1423;-7.13086;-0.33059;-0.371373;-0.479431;118.045;-4.86933;-11.2888;-0.0912413;-0.0251437;-0.486541;
123.862;3.17139;-24.7606;-0.136553;-0.251798;-0.457965;113.12;23.5807;-6.04323;-0.330135;-0.400427;-0.588519;120.411;-6.60859;-10.2863;-0.0971489;-0.0299942;-0.579685;
125.731;-16.0718;-23.4587;-0.256507;-0.151847;-0.962277;115.162;21.8257;-4.90733;-0.393473;-0.388329;-0.692789;122.876;-9.91446;-8.96396;-0.0986909;-0.0258792;-0.685875;
121.514;-24.831;43.6425;-0.0919711;-0.340191;-0.817386;117.1;19.7724;-3.77905;-0.406058;-0.354892;-0.825748;124.965;-12.4201;-8.32175;-0.106474;-0.0306355;-0.797315;
123.172;-27.1063;44.642;-0.0571502;-0.344992;-0.909722;125.024;-68.7371;11.6222;-0.280969;0.0364637;-1.24787;126.614;-16.2005;-8.32853;-0.117233;-0.0282859;-0.91854;
128.351;-43.8083;6.89712;-0.209663;0.0748139;-1.31263;125.728;-71.6692;11.4928;-0.256026;0.022659;-1.35717;128.193;-19.1175;-9.60612;-0.115339;-0.0166761;-1.02538;
125.734;-33.2047;45.1289;0.0146683;-0.230334;-1.15484;127.158;-0.498579;-18.2607;-0.0182796;0.016722;-1.2817;129.365;-20.44;-10.2307;-0.119596;-0.0234189;-1.11761;
131.738;-26.128;-37.0216;-0.220292;0.0946047;-1.37837;127.685;-3.47261;-18.2454;-0.0481116;0.0267774;-1.42393;130.692;-22.1175;-10.1484;-0.12366;-0.026021;-1.20184;
135.308;-35.958;14.5024;-0.190958;-0.216817;-1.20919;127.812;-6.39217;-18.3527;-0.039113;0.0432283;-1.52683;131.104;-26.6471;-8.53384;-0.137664;-0.0305841;-1.32597;
135.683;-40.0342;12.0929;-0.308157;-0.0848132;-1.30831;129.216;-8.99727;-17.3644;-0.173972;-0.0440482;-1.5263;131.417;-30.486;-8.30597;-0.140574;-0.0212327;-1.43745;
131.612;-55.6281;6.26057;-0.283054;0.0849696;-1.6987;130.331;-11.6034;-15.8153;-0.234434;-0.141246;-1.53459;131.197;-33.7381;-9.17757;-0.135526;-0.0201885;-1.55033;
135.28;-38.0971;-30.1682;-0.00588936;-0.00536295;-1.7175;128.242;11.3424;-30.3008;0.143259;-0.0407309;-1.52584;130.614;-38.7909;-7.84394;-0.146645;-0.0308672;-1.66843;
133.088;-54.8916;9.88148;-0.0446126;0.0163233;-1.67902;128.783;-21.1584;-18.0497;-0.234702;-0.10881;-1.8977;129.974;-41.1251;-7.91081;-0.153075;-0.0379319;-1.77744;
132.038;-58.7513;-5.23704;-0.143934;0.0797814;-1.84415;127.391;-23.7943;-17.8689;-0.184574;-0.104195;-2.0454;128.791;-45.3894;-6.1081;-0.16445;-0.048301;-1.88892;
141.987;12.7841;-24.5605;0.119945;-0.061525;-1.30394;125.677;-26.3752;-17.4307;-0.185999;-0.118488;-2.12992;127.432;-48.4496;-7.36836;-0.15404;-0.0398701;-1.99371;
125.135;-46.2957;-55.4625;-0.0581647;0.29965;-2.29569;123.777;-28.3592;-17.1083;-0.205852;-0.129945;-2.30437;125.148;-52.5818;-6.30168;-0.155985;-0.0404858;-2.12962;
123.604;-48.6018;-55.7404;-0.00641179;0.287646;-2.37293;121.599;-30.3126;-16.6184;-0.18345;-0.1663;-2.39682;123.178;-55.5766;-7.29438;-0.151271;-0.0381191;-2.24074;
127.22;-51.6777;-41.26;-0.191929;0.134878;-2.30696;119.217;-32.1539;-16.5395;-0.131104;-0.0641957;-2.50934;121.883;-56.5463;-8.00882;-0.156078;-0.0339954;-2.32914;
123.457;-70.3144;10.7066;-0.0611473;-0.0750235;-2.28591;116.648;-33.7712;-15.9444;-0.244668;-0.114036;-2.6074;120.215;-57.8228;-6.30308;-0.163323;-0.0450042;-2.42194;
121.47;-55.3663;-46.5383;-0.169389;0.238586;-2.57925;114.426;-35.3231;-16.4883;-0.201462;-0.012035;-2.68817;118.058;-59.6433;-3.96238;-0.162957;-0.0585057;-2.52186;
120.898;-57.154;-41.4292;-0.487204;0.213212;-2.68803;111.621;-36.39;-16.5407;-0.180642;-0.0183976;-2.76118;116.236;-59.9868;-4.97868;-0.168102;-0.0591221;-2.6097;
112.035;-57.7817;-57.3464;-0.0153412;0.158739;-2.70576;108.751;-36.9046;-16.5508;-0.240158;-0.0220687;-2.91206;113.511;-62.1973;-6.98095;-0.166891;-0.0415064;-2.71914;
129.639;-35.2576;-25.3267;-0.44397;0.0178016;-2.29272;108.842;-40.5917;-19.5755;-0.274102;-0.00413149;-2.87364;110.788;-63.4321;-8.153;-0.176019;-0.0348799;-2.81721;
127.09;-36.9653;-25.2787;-0.454665;0.0686058;-2.43054;98.9286;-81.7719;-85.6643;0.0457786;0.498428;-2.84304;107.677;-65.0198;-10.9575;-0.183224;-0.0135511;-2.92972;
104.575;-81.2327;6.64431;-0.341254;-0.015371;3.07651;96.3102;-82.3322;-87.0856;0.0556596;0.488493;3.32542;106.175;-63.1263;-13.4718;-0.179536;-0.00441827;3.24957;
121.621;-39.7213;-24.1673;-0.392592;-0.107886;3.55479;93.7015;-82.3081;-88.656;0.101304;0.543842;3.13987;103.021;-63.1613;-13.611;-0.179255;-0.00221174;3.09959;
96.4057;-55.7049;-62.0428;-0.017521;0.17275;3.00967;90.2714;-81.2813;-89.1315;0.136325;0.349629;3.14459;100.628;-62.7653;-16.4927;-0.192737;0.00999049;3.12392;
100.008;-60.2301;-45.7912;-0.215003;0.218851;3.23016;87.4103;-81.4029;-90.0622;0.143893;0.320202;3.20448;98.6159;-62.664;-18.7108;-0.185798;0.0286545;3.23066;
92.1212;-80.576;12.5621;-0.478191;-0.108768;3.12906;84.5578;-81.8982;-91.0739;0.107935;0.332944;3.33795;95.9873;-63.4904;-19.2969;-0.196238;0.0286921;3.31602;
87.8716;-58.6126;-59.0011;0.0111044;0.0341277;3.29932;81.8546;-82.6164;-92.0941;0.119533;0.354735;3.36984;94.1191;-63.1094;-20.816;-0.19117;0.0325709;3.33609;
91.3564;-59.5439;-47.6925;-0.225421;0.251364;3.22689;79.1741;-83.39;-93.0843;0.146509;0.340449;3.41181;91.8772;-63.647;-21.2422;-0.191262;0.047951;3.35529;
88.3964;-59.625;-48.3682;-0.207627;0.230618;3.22136;87.182;-75.9636;76.096;-0.284363;-0.52174;3.54408;89.2605;-64.2949;-22.491;-0.197838;0.0518057;3.36086;
85.3987;-59.8305;-48.907;-0.230774;0.209429;3.22298;83.4786;-76.3793;76.7847;-0.227635;-0.470151;3.47133;86.6934;-64.9499;-21.9943;-0.198235;0.0519755;3.36092;
77.4531;-81.6852;13.34;-0.583755;-0.065604;3.17819;84.9516;-99.7257;5.35697;-0.53799;-0.00933546;3.75109;84.0571;-66.3302;-18.7566;-0.209898;0.0342711;3.36341;
79.6464;-63.9266;-44.6667;-0.280977;0.121664;3.396;81.9124;-100.979;5.22656;-0.569013;0.01222;3.66339;81.4276;-66.6348;-19.9225;-0.204225;0.0357301;3.36704;
70.2008;-57.0784;-62.09;0.036814;0.00462479;3.08659;79.406;-102.489;4.82657;-0.559262;0.0667227;3.67322;77.9604;-67.2446;-18.4024;-0.203008;0.0294925;3.35477;
73.0026;-65.8175;-44.9727;-0.0521513;-0.147008;3.18769;76.6289;-103.976;5.06766;-0.600586;-0.0128885;3.69302;74.5361;-67.414;-20.5295;-0.195603;0.0367365;3.34722;
64.6657;-55.622;-63.7111;-0.0547831;0.0955237;3.05858;73.5938;-103.877;6.60192;-0.604077;-0.112118;3.62794;72.0301;-68.0729;-20.0062;-0.196775;0.0294189;3.35732;
61.941;-52.6413;-65.9941;0.0167949;-0.0292176;2.96536;70.8722;-105.121;6.22292;-0.588943;-0.0269691;3.62675;69.4581;-67.9254;-22.7297;-0.195488;0.0408719;3.35569;
58.8314;-54.4473;-65.1948;0.0992003;0.169488;2.96971;63.1085;-67.0422;-80.3338;-0.11591;0.375664;3.41454;66.4808;-68.8171;-23.1854;-0.19026;0.0549746;3.35446;
55.8679;-54.1355;-65.6113;0.0959794;0.167736;3.01107;54.5843;-58.4854;-20.6943;-0.495158;-0.0893011;3.00964;63.5237;-69.7292;-20.0148;-0.191991;0.0451961;3.35285;
55.0474;-83.4358;7.54366;0.215744;-0.000429094;3.41813;90.9708;-73.7538;-27.3452;-0.306817;0.0530763;4.1683;60.5923;-70.3212;-21.0233;-0.166883;0.0487848;3.35641;
51.9318;-83.9515;7.25832;0.204506;0.0569315;3.34097;89.3977;-76.4105;-27.3167;-0.27036;0.00978445;4.17617;57.7771;-71.3032;-19.2358;-0.180249;0.0347533;3.35942;
51.5008;-81.5835;16.3157;-0.0725747;0.00851175;3.49125;87.876;-78.9698;-27.3044;-0.279527;-0.0172207;4.18303;55.3333;-72.1078;-19.8962;-0.172254;0.0343812;3.37008;
48.3994;-81.6813;18.3225;0.0531188;-0.0833107;3.38232;43.0713;-60.0887;-18.1628;-0.55087;-0.155326;3.17598;51.899;-73.6023;-15.4387;-0.172623;0.0203186;3.36043;
45.6952;-82.6425;15.6161;-0.0881402;-0.00446595;3.3603;40.1832;-60.0337;-17.618;-0.530791;-0.176948;3.13296;49.0994;-75.5013;-13.6348;-0.178747;0.0149626;3.36622;
43.6227;-82.4984;15.7148;0.078989;-0.0214664;3.4716;37.0277;-60.6824;-17.3917;-0.420007;-0.15096;3.15732;46.0342;-76.4891;-10.3439;-0.170235;0.00583545;3.36069;
37.2135;-85.574;8.88654;0.0673389;-0.130345;3.27598;34.0868;-60.6429;-16.9071;-0.393136;-0.160874;3.11515;42.7179;-76.6164;-11.8482;-0.168256;0.00987032;3.34862;
34.3375;-85.7255;9.04539;0.177063;-0.116202;3.26441;37.1866;-61.2679;-89.8017;-0.264519;0.472448;3.21792;39.5811;-77.7659;-11.3517;-0.150891;0.0155278;3.35038;
31.4654;-86.1189;9.39185;0.174873;-0.112095;3.29723;66.1163;-84.2984;-34.8413;-0.206929;0.18007;3.86488;36.013;-78.9511;-10.7171;-0.147504;0.00852818;3.34025;
51.5157;-68.677;-31.6686;-0.345151;0.0523765;3.49408;63.8013;-86.1837;-35.4294;-0.263276;0.19543;3.83038;32.4637;-80.0226;-8.70612;-0.151006;0.00444501;3.3347;
48.6857;-69.997;-31.6864;-0.294056;0.0495349;3.5331;61.6102;-88.4738;-34.6806;-0.303529;0.0622979;3.86911;29.6684;-80.9615;-7.44651;-0.144909;-0.00407727;3.34417;
45.9662;-71.3128;-31.7138;-0.313092;0.0354328;3.57708;59.4623;-90.4873;-34.7676;-0.311311;0.0386234;3.89207;26.725;-82.3309;-5.74061;-0.142839;-0.00378395;3.3482;
19.3629;-87.701;8.89645;0.107906;0.0232102;3.20106;57.2914;-92.5094;-34.8897;-0.333484;0.0357551;3.8704;24.1734;-83.4171;-3.70243;-0.128352;-0.019815;3.35335;
40.5285;-73.7935;-31.8735;-0.297797;0.0425273;3.55373;54.8143;-94.3153;-35.5023;-0.288084;0.0800796;3.89009;21.4782;-84.221;-2.20988;-0.13177;-0.0253989;3.35445;
13.7033;-88.0151;12.2089;0.149665;-0.135135;3.25487;52.542;-96.2989;-35.9386;-0.302846;0.140776;3.88615;18.5379;-85.6567;0.877488;-0.128575;-0.0341051;3.35911;
9.55888;-89.0287;-7.43517;-0.535278;-0.0064813;3.39585;50.4388;-98.3422;-36.2865;-0.267765;0.134327;3.92315;15.6292;-85.6239;-0.547042;-0.120953;-0.034665;3.35193;
10.9103;-88.3339;12.739;-0.140633;-0.0446303;3.45989;47.8172;-100.012;-37.0002;-0.291052;0.198596;3.80889;12.6484;-85.9811;0.68925;-0.107214;-0.0338782;3.34144;
11.9895;-84.6185;28.5256;-0.361069;-0.0398263;3.22707;45.4931;-101.823;-37.509;-0.297691;0.178046;3.82235;9.60401;-86.7865;0.665842;-0.110406;-0.0256459;3.34506;
4.57362;-89.3388;12.808;0.068907;-0.056111;3.38587;7.97807;-86.8254;-73.8573;-0.41806;0.366971;3.37052;6.3823;-87.6176;1.01521;-0.115398;-0.0291743;3.34732;
1.65989;-87.9503;22.2394;-0.0151662;-0.0805138;3.27563;38.6883;-97.4956;32.9539;0.0804362;-0.298902;3.72822;3.12783;-88.4661;3.55948;-0.112426;-0.01829;3.34335;
-0.941895;-88.1983;23.2815;-0.000332558;0.0370378;3.37005;36.2783;-99.1989;33.7739;0.0948143;-0.283694;3.77074;0.374578;-89.9687;5.8071;-0.123429;-0.0200833;3.34746;
-7.40724;-90.3739;14.0601;0.0593714;-0.0860454;3.29159;33.9327;-100.889;34.4861;0.0782242;-0.247222;3.78428;-2.78764;-90.793;9.05088;-0.140729;-0.0275403;3.33914;
-11.9971;-90.8497;11.66;-0.746878;0.0335061;3.30402;-0.253546;-81.8745;-75.6725;-0.470868;0.268594;3.58087;-5.77774;-91.1269;10.201;-0.14233;-0.0219838;3.33088;
-10.0618;-89.9575;22.3819;-0.118613;-0.0613465;3.28554;-4.48266;-106.097;4.00946;-0.229807;0.246146;3.56021;-8.99217;-90.8202;9.63245;-0.164442;-0.0229913;3.32179;
-16.9917;-92.0661;9.50126;-0.42778;0.0857608;3.47308;-8.79443;-97.8198;-42.9337;-0.0197417;0.0299218;3.48821;-11.6588;-91.419;9.77917;-0.155523;-0.0226965;3.31704;
-15.9766;-90.8665;22.6721;-0.0887857;-0.0810166;3.30164;-11.3788;-106.979;16.1684;0.0385341;0.00342839;3.76842;-14.7302;-91.9329;10.778;-0.156602;-0.0252295;3.31641;
-18.852;-91.4616;22.4455;-0.145041;-0.00559286;3.30591;-14.5775;-79.7344;14.0311;-0.0949397;0.10206;2.97364;-17.751;-92.7423;11.7159;-0.144685;-0.0265677;3.31667;
-16.9466;-88.5088;36.2593;-0.375994;-0.203254;3.27076;-17.6302;-79.3779;13.4209;-0.163989;0.158718;3.01427;-20.4574;-92.8528;13.3477;-0.158586;-0.0420117;3.30576;
-24.8115;-93.3775;18.2294;-0.262774;-0.160916;3.38736;-20.4938;-79.0638;12.7691;-0.114892;0.187313;2.95384;-23.2361;-93.4638;13.6529;-0.154828;-0.041573;3.31072;
-22.5326;-89.3397;37.7327;-0.438978;-0.247582;3.26813;-23.5032;-79.6569;12.4274;-0.00190568;0.144143;3.04067;-26.0318;-93.5965;13.5138;-0.142587;-0.0411374;3.31006;
-34.6557;-94.4445;7.6306;-0.386714;0.0991746;3.36022;-25.6208;-110.828;24.8269;-0.0830978;-0.245945;3.63365;-28.6256;-93.606;14.2833;-0.128015;-0.0416724;3.29931;
-28.2997;-90.1354;39.2409;-0.53978;-0.228764;3.22979;-28.2339;-112.154;25.7184;-0.0843913;-0.282831;3.60507;-31.2437;-94.6397;14.9149;-0.105001;-0.0602213;3.313;
-31.1391;-90.5734;39.9619;-0.514207;-0.260309;3.2634;-31.0942;-113.743;25.3425;-0.125717;-0.163963;3.65079;-34.0262;-95.339;14.7635;-0.111261;-0.0713292;3.31435;
-39.6464;-94.864;22.7911;-0.182457;-0.027289;3.23029;-33.73;-115.055;25.872;-0.105279;-0.168578;3.61395;-36.9857;-95.8763;14.989;-0.119434;-0.0713507;3.31781;
-42.5576;-95.7705;22.0429;-0.283695;-0.166275;3.29509;-38.1095;-81.2183;9.10615;-0.22976;0.230578;3.15686;-40.358;-96.4551;15.5577;-0.128482;-0.0511065;3.31496;
-45.069;-94.6237;28.5852;0.0114536;0.0518794;3.27886;-40.9623;-81.2595;8.40929;-0.244751;0.225681;3.16301;-43.2349;-96.8154;15.6502;-0.13798;-0.0663485;3.31575;
-48.8303;-97.7694;15.8735;-0.182995;-0.0413619;3.22897;-43.8674;-81.4557;7.73424;-0.23143;0.245318;3.19337;-46.2197;-97.6253;14.9909;-0.152717;-0.0691249;3.32525;
-50.6806;-99.9776;5.99709;-0.0291359;0.137305;3.20826;-45.8942;-117.375;17.807;0.110862;0.0953655;3.57443;-49.0694;-97.6284;13.1512;-0.143016;-0.0733803;3.31864;
-58.1296;-97.9911;3.71689;-0.498956;0.214046;3.26329;-48.5595;-118.603;17.5166;0.114712;0.11178;3.58347;-52.0527;-98.1454;13.8697;-0.14975;-0.0677196;3.31841;
-61.1016;-98.4063;3.06434;-0.499756;0.213512;3.25309;-49.6733;-121.338;6.1675;-0.216742;0.230904;3.55899;-55.1256;-98.7173;14.0231;-0.151886;-0.0783252;3.31929;
-52.4691;-97.392;40.5288;0.209774;-0.248658;3.39195;-52.397;-122.615;5.40401;-0.235591;0.238855;3.58013;-57.99;-99.6774;14.5747;-0.141442;-0.0745807;3.3266;
-62.4873;-102.026;4.86836;-0.00955676;0.0627881;3.27661;-55.0882;-123.943;4.62594;-0.212012;0.236082;3.62568;-60.7568;-99.4772;15.2582;-0.143552;-0.0915783;3.32428;
-65.3822;-102.655;4.69852;0.00132947;0.0893174;3.32603;-57.6964;-125.319;3.78398;-0.23776;0.269953;3.62934;-63.6415;-99.5845;13.9499;-0.13841;-0.0815744;3.32006;
-69.0431;-85.4239;-57.1408;0.12273;0.119869;3.11191;-59.8391;-126.647;2.74908;-0.100496;0.300601;3.67622;-66.2444;-99.6334;15.6711;-0.125046;-0.0940319;3.31624;
-71.9618;-86.5642;-56.4161;-0.123685;0.0686424;3.18122;-62.3172;-128.159;1.82198;-0.115435;0.320622;3.68648;-69.3554;-100.45;15.1603;-0.139053;-0.0834706;3.31255;
-74.9075;-86.838;-56.9167;-0.135513;0.0916482;3.15852;-64.806;-129.667;0.813509;-0.150874;0.32954;3.69761;-72.4051;-101.04;14.925;-0.145464;-0.0769719;3.31299;
-78.1455;-88.2699;-55.2212;0.0109817;0.00645609;3.32567;-67.3884;-130.911;0.448383;-0.052468;0.288387;3.69887;-75.7825;-101.416;14.5287;-0.136929;-0.0539503;3.30868;
-84.012;-102.459;-0.47155;0.20118;0.171334;3.19892;-70.0299;-132.161;-0.147595;-0.0472879;0.211225;3.62185;-78.7951;-101.499;15.3119;-0.116019;-0.0663969;3.19694;
-78.4956;-107.204;20.0305;-0.000305961;-0.0044255;3.15513;-72.8144;-133.084;-0.802872;-0.0803417;0.214537;3.50585;-81.8038;-101.499;13.1749;-0.116009;-0.0584049;3.09678;
-86.1354;-95.7669;43.3629;-0.0134927;-0.185099;3.09218;-75.607;-134.064;-1.4348;-0.124994;0.196138;3.45811;-84.5741;-100.629;13.9095;-0.101583;-0.073908;3.00692;
-84.7106;-101.321;38.3709;-0.603652;-0.184613;3.07936;-93.6869;-77.1473;-9.17425;-0.533926;-0.062287;2.47708;-87.3546;-100.253;15.9249;-0.0953269;-0.0673796;2.89729;
-92.2778;-94.0906;43.5939;0.0927722;-0.23844;2.90614;-95.7466;-75.0953;-9.09852;-0.554948;-0.0701383;2.36207;-90.2108;-98.8183;15.3377;-0.0959981;-0.0686926;2.79843;
-94.4534;-92.7287;45.1851;-0.0319327;-0.206944;2.65119;-81.7819;-91.903;10.7759;0.0488162;-0.376923;2.43658;-92.6589;-97.8687;15.8817;-0.0998767;-0.0651176;2.70189;
-100.104;-98.7771;-2.96562;0.18709;0.161439;2.61947;-99.6497;-71.7916;-12.5353;-0.403427;0.0800141;2.15757;-95.3641;-96.2292;15.1519;-0.0921944;-0.0579543;2.59842;
-102.539;-97.1324;-3.70556;0.173645;0.19871;2.53161;-102.325;-69.4365;-11.3619;-0.683206;0.147415;2.16109;-98.0588;-94.1387;14.6779;-0.0890751;-0.0451163;2.49769;
-103.665;-93.0402;25.5009;-0.176111;-0.0614153;2.5578;-103.764;-66.8873;-11.7904;-0.680739;0.177434;2.08868;-100.307;-92.5772;13.7138;-0.102498;-0.0433329;2.40112;
-104.484;-84.3004;45.4639;-0.150412;-0.0892019;2.40393;-104.81;-64.1772;-12.2905;-0.648571;0.192249;1.93889;-102.35;-90.3888;13.6148;-0.104089;-0.0372003;2.30295;
-106.256;-81.4688;46.2124;-0.161583;-0.206809;2.22362;-105.862;-61.8045;-11.6986;-0.753061;0.0258273;1.88458;-104.025;-88.1968;13.6159;-0.114158;-0.0443454;2.21034;
-110.075;-88.3929;-5.45046;0.150872;0.188259;2.16722;-106.675;-58.5345;-13.3555;-0.642557;0.203319;1.74839;-105.798;-85.7376;11.038;-0.109365;-0.0153575;2.10537;
-108.537;-82.7211;34.4358;-0.318046;-0.144428;2.07202;-106.922;-55.5683;-13.9665;-0.663471;0.20254;1.64068;-107.007;-83.272;10.9787;-0.0895176;-0.0244925;2.00925;
-109.075;-79.8483;35.6533;-0.333562;-0.203361;1.8868;-107.105;-53.048;-11.7929;-0.76085;-0.0121001;1.59069;-107.963;-81.0983;13.4255;-0.0794108;-0.030882;1.90366;
-113.168;-80.0971;-6.87059;0.12845;0.166076;1.81989;-107.07;-49.9848;-15.3173;-0.675831;0.206183;1.46912;-108.747;-77.73;13.2804;-0.0814194;-0.0349102;1.79754;
-106.434;-86.9053;3.06214;0.00275635;0.0950082;1.5949;-106.459;-47.0651;-15.9507;-0.661692;0.21137;1.33759;-109.428;-75.1669;11.8053;-0.0926721;-0.0235679;1.70507;
-113.867;-73.7956;-8.37538;0.247644;0.208679;1.64457;-105.535;-44.5282;-16.9869;-0.726962;0.286775;1.25235;-109.442;-72.3859;12.0511;-0.09371;-0.0353001;1.60346;
-110.454;-68.1739;34.1953;-0.28487;0.0170827;1.47271;-104.429;-41.9412;-17.7854;-0.743226;0.269817;1.15067;-109.023;-70.1746;14.5438;-0.0786322;-0.0468719;1.50137;
-112.584;-66.9523;-18.3062;0.163747;0.324494;1.37524;-103.083;-39.3534;-18.6262;-0.73106;0.284114;1.0623;-108.787;-67.8363;14.7722;-0.0727726;-0.050011;1.41061;
-113.236;-62.6756;14.5116;-0.215052;0.255809;1.44613;-101.58;-36.8944;-19.5638;-0.712267;0.317976;0.99524;-108.245;-65.2663;15.0242;-0.0867437;-0.0506534;1.31877;
-112.38;-59.6102;14.0095;-0.171088;0.208687;1.33813;-114.551;-79.5251;38.4232;-0.419473;-0.190871;1.56526;-107.567;-62.9572;12.7182;-0.07157;-0.0504189;1.22696;
-111.108;-56.9669;13.2389;-0.142312;0.221875;1.19283;-114.014;-76.6953;39.212;-0.428752;-0.210483;1.43399;-106.557;-60.4946;12.1418;-0.0684288;-0.0511188;1.13385;
-108.16;-46.8976;35.1591;-0.704259;0.0110483;1.17443;-113.235;-73.7829;39.5295;-0.418352;-0.166766;1.3372;-104.825;-57.5719;9.84535;-0.0578739;-0.0308193;1.02007;
-108.861;-48.1355;17.207;-0.1231;-0.0722271;1.1249;-111.688;-71.0147;39.7087;-0.514641;-0.158038;1.1717;-103.403;-55.2265;8.77079;-0.0497237;-0.0250839;0.92725;
-95.587;-62.4027;26.4859;-0.0675537;-0.118019;0.701285;-110.593;-66.2711;37.1941;-0.0919932;-0.131174;1.17251;-101.119;-53.1408;10.181;-0.041492;-0.0100643;0.808361;
-105.337;-42.903;-11.4189;-0.54274;-0.105752;0.726536;-85.3106;-58.2354;83.4502;0.140039;-0.629851;0.466825;-99.1767;-51.3229;10.7758;-0.0464558;-0.0200615;0.71134;
-102.919;-41.0523;-11.126;-0.507814;-0.103562;0.620962;-83.1415;-57.2697;85.2677;0.154728;-0.627688;0.393428;-97.0445;-50.0107;11.3864;-0.0373282;-0.0282722;0.614764;
-94.3275;-52.4791;9.56213;0.0549018;-0.390582;0.516035;-80.3175;-56.0346;86.29;0.0590464;-0.543015;0.291928;-94.7446;-48.2457;9.59529;-0.0371386;-0.033617;0.516557;
-91.7227;-51.0335;9.69193;0.101622;-0.289539;0.485669;-77.8032;-55.6474;87.8766;0.0370669;-0.549191;0.13296;-91.6126;-46.9874;7.74325;-0.0233894;-0.026347;0.397232;
-88.7373;-50.0387;10.4906;-0.0593234;-0.361931;0.358302;-75.253;-55.6807;89.3999;0.0473818;-0.523733;-0.00242618;-88.8646;-46.4968;6.23607;-0.0170107;0.00130469;0.292684;
-92.1383;-37.3933;-4.04763;-0.56681;-0.343204;0.249096;-72.6774;-55.7903;90.7932;-0.0191985;-0.517224;-0.0660474;-85.5271;-46.384;6.19336;-0.0219613;0.00413841;0.17891;
-89.2814;-36.5275;-6.53432;-0.43652;-0.187247;0.116003;-69.9155;-56.4916;92.1942;0.0638428;-0.542507;-0.196494;-82.7715;-46.291;5.32545;-0.0406364;0.00865041;0.0598169;
-86.3961;-37.042;-2.12301;-0.561265;-0.344488;0.00328031;-67.2628;-55.4812;93.5079;0.107307;-0.489744;-0.111976;-79.5834;-46.4772;5.65074;-0.0306342;0.0159397;-0.00823416;
-68.6508;-42.1823;42.9883;-0.0323628;-0.102417;-0.235874;-62.3583;-60.0011;92.3258;0.209822;-0.446068;-0.364084;-76.2683;-47.29;5.96631;-0.00531904;0.019318;-0.0148486;
-80.8202;-36.8317;-0.260454;-0.604019;-0.338281;0.0821622;-59.7796;-60.7849;93.5448;0.182099;-0.445948;-0.306769;-73.5146;-47.642;6.56319;0.014986;0.0200918;0.0582782;
-70.9121;-48.2766;0.221803;-0.489272;-0.32708;-0.0977408;-71.9407;-48.3375;-69.9804;2.30862e-05;0.362045;0.16578;-70.1352;-47.1574;7.01023;0.00756289;0.0255544;0.121178;
-70.932;-42.9423;1.92708;-0.588174;-0.299474;0.00725453;-69.1237;-48.0485;-69.8731;-0.0856956;0.304272;0.118987;-66.8243;-47.1001;8.09135;0.00965859;0.0233818;0.111682;
-72.2603;-34.5832;2.54084;-0.586955;-0.285744;0.178866;-80.0278;-44.0215;39.7102;0.14824;-0.16011;0.610932;-63.5243;-47.2526;9.19975;0.016015;0.0279904;0.110989;
-62.2737;-45.2688;11.9668;0.0229593;0.157455;0.350356;-52.2848;-64.2934;46.9943;0.0737378;0.148461;-0.335516;-60.3812;-46.6698;8.81706;0.0290338;0.041496;0.112316;
-56.3064;-45.6035;-18.5864;0.26833;0.234524;0.0815035;-49.1484;-65.1851;47.0352;-0.0121754;0.109166;-0.379837;-57.4782;-45.8914;9.59418;0.0300876;0.0200078;0.118206;
-50.422;-48.7132;-17.0099;-0.315421;0.177585;-0.0745706;-46.4408;-66.4518;46.7714;-0.0340067;0.0633838;-0.413574;-54.5814;-45.1245;8.83711;0.00669576;0.013955;0.117723;
-50.4042;-43.7538;-19.2137;0.28637;0.141739;0.157391;-43.7222;-67.46;46.2484;-0.0614138;0.0989693;-0.421416;-51.5933;-44.5498;8.04591;0.00816562;0.0207297;0.117781;
-51.614;-41.7382;7.92891;-0.0413441;0.292704;0.210217;-41.1753;-68.8516;45.5969;-0.0744966;0.118131;-0.482364;-48.8647;-44.2383;7.54111;0.0235912;0.00840544;0.131217;
-47.8828;-41.3608;11.1308;0.0384412;0.0730209;0.278781;-38.5287;-70.3354;45.1944;-0.134181;0.0763559;-0.513004;-46.4551;-42.9059;4.95883;0.057287;0.0098081;0.155789;
-45.0791;-41.2039;8.81049;0.0508201;0.219881;0.336462;-35.9394;-71.8963;45.03;-0.165338;0.0328228;-0.54108;-43.7105;-42.3408;2.9765;0.0619889;0.012147;0.164342;
-42.4459;-39.5959;10.7407;0.0419403;-0.000439916;0.293433;-32.8982;-70.5837;42.5227;0.150593;0.171454;-0.294656;-41.0641;-41.3712;2.20006;0.0582558;0.00501611;0.178932;
-36.271;-37.6912;-21.3365;0.420749;0.218468;0.186432;-27.2022;-59.133;52.5101;0.180574;-0.149131;-0.0787477;-38.227;-40.8931;1.7806;0.0721231;0.0121773;0.184077;
-31.944;-39.7594;-17.9263;0.141288;0.110922;0.144165;-24.224;-59.2624;52.8188;0.195661;-0.147633;-0.0644307;-35.6899;-39.501;1.25648;0.0756397;0.00371465;0.199498;
-28.9603;-39.2694;-17.1523;0.0912877;0.046676;0.104452;-21.2571;-59.3501;53.0019;0.23028;-0.108709;-0.0258582;-32.7649;-39.0745;-0.681386;0.0914871;0.00932535;0.197268;
-31.1833;-38.1499;4.38108;-0.152487;0.183337;0.26551;-20.485;-56.056;49.3666;-0.154734;-0.206778;-0.167254;-30.0521;-38.4873;-0.411681;0.0911815;0.00126849;0.197039;
-24.2713;-35.658;-19.3003;0.436305;0.0716762;0.177398;-17.6077;-56.5359;49.5121;-0.142943;-0.201074;-0.213386;-26.9927;-37.5158;0.562413;0.0968081;0.014584;0.195899;
-21.9706;-33.602;-20.7695;0.209298;0.177343;0.21249;-14.7471;-57.2919;49.9389;-0.135739;-0.207044;-0.204221;-24.4291;-36.5615;1.07751;0.0957787;0.0126545;0.205343;
-19.2362;-32.6934;-20.7684;0.30694;0.0709142;0.213442;-24.7665;-27.6158;-61.7865;-0.131373;0.137086;0.38816;-22.0011;-35.3253;1.39882;0.103153;0.00380002;0.21583;
-16.2728;-31.5425;-21.2351;0.391105;0.13687;0.322393;-22.0055;-26.597;-62.5768;-0.0889576;0.165458;0.378252;-19.3835;-34.7144;-0.0496563;0.118666;0.00470024;0.214835;
-13.4701;-30.7025;-21.1249;0.386147;0.117094;0.264153;-7.51906;-55.9244;33.0541;-0.0817363;0.0725213;-0.280118;-16.9369;-33.3813;0.416066;0.123992;-0.00403764;0.230441;
-9.95561;-29.3309;-22.1835;0.359059;0.0882846;0.26879;-5.0731;-56.961;32.0369;-0.0621449;0.174217;-0.293239;-14.4758;-31.8559;1.91697;0.113599;0.00349516;0.246027;
-11.9608;-34.4356;-4.45334;-0.0698803;0.266195;0.291644;-2.28534;-57.7503;31.3408;-0.0863182;0.140851;-0.292218;-11.5728;-30.7715;1.18266;0.123128;0.000503115;0.251399;
-15.1151;-21.7898;23.6342;0.0227856;-0.193762;0.147067;0.599614;-58.5186;30.7759;-0.0884344;0.144523;-0.297967;-8.84373;-29.9914;0.918537;0.125617;-0.00916839;0.245414;
-7.43903;-32.6639;-8.32513;0.0143721;0.303333;0.265403;1.74711;-59.9528;-26.0221;-0.489529;0.179631;-0.170618;-6.10271;-29.3581;-0.447753;0.129259;-0.00654935;0.24715;
-9.48223;-19.0925;26.2588;-0.0762807;-0.338214;0.422763;4.54435;-60.4572;-26.7832;-0.508746;0.191596;-0.185612;-3.36901;-28.805;0.196247;0.122107;-0.014012;0.240823;
3.85919;-25.8342;-20.8929;0.439296;-0.0547297;0.31798;5.19608;-52.9631;-6.63109;0.262721;0.229001;0.158236;-0.226195;-28.3213;-1.22663;0.134287;-0.0032739;0.231151;
7.06335;-25.6986;-19.9357;0.507702;-0.184392;0.230149;8.06571;-52.3946;-7.46601;0.28567;0.239368;0.174021;2.5699;-27.1846;-1.06933;0.120096;0.00248554;0.233482;
9.58947;-24.1558;-20.9322;0.29593;-0.0882096;0.25762;10.8613;-52.0221;-8.32701;0.319214;0.230961;0.136121;5.66898;-26.697;-2.20268;0.131601;0.000899534;0.233282;
12.493;-23.3229;-21.0132;0.256601;-0.0716404;0.281408;13.807;-51.6647;-9.22206;0.344344;0.229968;0.117095;8.30966;-26.371;-1.26767;0.130026;-0.0122619;0.22894;
15.1843;-21.891;-21.7616;0.493717;0.0243446;0.245916;16.7478;-51.352;-10.0417;0.319337;0.207296;0.0983874;11.0836;-26.0524;-1.39365;0.136007;-0.00943161;0.226793;
18.3989;-21.9894;-20.5823;0.329648;-0.130318;0.237865;20.9063;-39.3718;-28.3373;0.145797;0.224008;-0.165903;13.5405;-25.0904;-0.440765;0.127199;-0.00213112;0.234534;
20.7475;-20.3236;-22.0724;0.469988;-0.0201912;0.316707;8.51723;-7.53323;15.745;0.317691;0.113478;0.383859;16.6078;-24.7892;-1.92696;0.129039;-0.00301334;0.23036;
23.5716;-19.2643;-22.1817;0.43877;-0.0213932;0.331228;11.0801;-6.12962;15.3893;0.316835;0.0987078;0.408481;19.4001;-24.4495;-1.33012;0.127057;-0.0161585;0.227507;
26.6561;-18.0495;-22.4723;0.455884;0.0312052;0.261554;13.8049;-4.73674;14.8939;0.368557;0.07832;0.44216;22.2654;-23.8151;-0.412209;0.127415;-0.0269403;0.228709;
29.4028;-17.3984;-22.8327;0.447001;0.0809512;0.241838;16.7764;-4.04927;13.945;0.479299;0.213339;0.359539;25.3029;-22.8924;-1.44615;0.135513;-0.0285762;0.229454;
25.1785;-18.9409;29.1503;0.153464;-0.162506;0.23236;19.3939;-2.92813;13.1152;0.50579;0.214625;0.356443;28.0418;-22.1217;-2.84132;0.131188;-0.0186425;0.236532;
34.6423;-11.614;-26.1013;0.295818;0.0355499;0.472103;22.0098;-1.92659;12.296;0.538889;0.223419;0.351389;30.8402;-21.6382;-3.70268;0.122126;-0.00459205;0.234344;
32.8942;-5.26325;-33.0756;0.313407;0.20868;0.549786;24.761;-0.732134;11.1959;0.470223;0.274832;0.34777;33.6405;-21.105;-4.05121;0.136506;0.00883071;0.23493;
28.2863;-23.0348;-32.9071;-0.184589;0.651368;0.400724;27.3402;0.440386;10.2167;0.483703;0.305792;0.388114;36.5638;-20.0129;-5.65293;0.140064;0.0209639;0.243886;
31.0233;-22.3733;-34.2874;-0.239534;0.575845;0.382636;29.9556;1.3691;8.93102;0.460179;0.368228;0.372952;38.9521;-19.0109;-4.18345;0.131951;0.0152959;0.245424;
38.9696;-17.9568;32.276;0.0788214;-0.261501;0.101647;32.4581;2.38877;7.63928;0.487482;0.374099;0.365238;41.4114;-18.1395;-5.03549;0.131341;0.0286182;0.242354;
50.0052;-12.4419;-22.1371;0.414601;-0.0719846;0.153788;34.8866;3.37945;6.22248;0.49143;0.403369;0.330493;43.9849;-17.1327;-5.61582;0.118603;0.0331089;0.239715;
50.4146;-25.0333;-16.0075;0.18316;0.041274;0.253176;37.7727;4.12315;5.30023;0.507247;0.335783;0.314725;46.2459;-16.3438;-3.79012;0.109967;0.0228173;0.245631;
47.7324;-17.5558;33.7187;0.2942;-0.228879;0.0296535;40.327;5.20177;4.12071;0.48489;0.32578;0.348914;48.9622;-15.6377;-4.17161;0.113616;0.0222939;0.247916;
42.9514;-18.7016;-42.9667;-0.0794919;0.500451;0.281477;62.8357;-38.796;-31.7569;0.382414;0.146584;-0.135923;51.9167;-15.0705;-5.65912;0.134052;0.0315964;0.247273;
59.2387;-24.2109;-16.7542;0.12779;0.00685921;0.0605537;65.6673;-38.9771;-32.634;0.388259;0.184701;-0.125819;54.5203;-13.5452;-6.23719;0.132549;0.0307192;0.256592;
60.9621;1.94251;-31.7684;0.125671;0.138738;0.356359;68.5324;-39.1738;-33.3797;0.393562;0.169455;-0.116561;57.3985;-13.036;-5.55082;0.148699;0.0206712;0.253208;
53.0497;-17.8329;-44.2744;0.101049;0.382257;0.210031;71.4576;-39.4049;-34.0145;0.399549;0.17314;-0.0958197;60.0231;-12.0591;-9.11369;0.140575;0.0428953;0.249114;
70.5067;-7.59375;-22.4315;0.528788;-0.108672;0.215544;71.5695;-22.0084;-46.3702;0.265178;0.183782;0.112253;62.8997;-12.0886;-11.6422;0.141941;0.0558247;0.234296;
68.6542;6.12544;-34.4682;0.221365;0.109096;0.417993;74.4604;-21.6037;-47.2732;0.257817;0.237391;0.115365;65.8742;-11.3652;-10.5078;0.151701;0.0395266;0.230554;
72.2107;5.78878;-33.4707;0.0330219;0.0901276;0.325936;77.1651;-20.4977;-48.3367;0.285986;0.233221;0.0964281;68.4278;-10.5984;-9.16257;0.140606;0.0313636;0.235424;
79.0998;-5.72044;-22.8229;0.503867;-0.0935552;0.183007;80.0766;-20.2285;-49.2885;0.259521;0.225761;0.0991474;71.4865;-9.74437;-8.80252;0.146777;0.0165248;0.234233;
64.3712;-16.2384;-53.527;-0.0154433;0.508315;0.304503;79.7813;-16.676;-54.6946;0.335353;0.451395;0.212239;73.8047;-8.57756;-9.19945;0.148633;0.0263755;0.233175;
66.7729;-15.5983;-55.2964;-0.0280762;0.549567;0.274706;82.2497;-15.7726;-56.0164;0.268484;0.446419;0.191059;76.9006;-8.01212;-9.91851;0.149866;0.0282731;0.232206;
69.1542;-14.9376;-56.9869;-0.0233838;0.561694;0.273526;85.3534;-15.0116;-56.384;0.36948;0.373487;0.199733;79.7532;-7.6433;-8.53021;0.159906;0.0259657;0.225048;
71.5336;-14.342;-58.7244;-0.0288864;0.576505;0.248947;88.1568;-14.341;-57.284;0.337659;0.322708;0.21686;82.748;-7.81015;-8.2664;0.165261;0.0216986;0.21629;
73.9795;-13.6043;-60.4103;-0.0648724;0.535669;0.263442;90.2594;-12.883;-59.1149;0.357604;0.372869;0.316012;85.2105;-7.07715;-7.63856;0.159592;0.023637;0.214936;
76.0652;-12.9855;-62.49;-0.0352361;0.581766;0.325023;97.9234;-17.4923;-46.0987;0.156348;0.132417;0.118135;87.9866;-6.95806;-8.23041;0.159956;0.0224839;0.211355;
99.7854;-2.05064;-21.9872;0.441525;-0.0559827;0.0648181;100.994;-15.9328;-45.2944;0.157238;0.0860073;0.185622;90.7548;-6.72566;-8.91219;0.162017;0.0303983;0.20717;
102.868;-1.81042;-22.0234;0.494273;-0.0423065;0.066276;103.929;-15.6392;-45.8377;0.176805;0.161485;0.0732211;93.8529;-6.77137;-6.60857;0.170491;0.00811941;0.20765;
105.597;-0.908356;-21.7093;0.48114;-0.070458;0.099231;106.813;-15.444;-46.634;0.203589;0.198045;0.0580078;96.6012;-7.12437;-8.37377;0.159188;0.0204779;0.205029;
108.774;-1.08395;-22.0213;0.359299;-0.053212;0.0895329;109.743;-15.1845;-47.1477;0.226378;0.155369;0.0685211;99.5305;-6.23223;-5.83453;0.157087;0.00207853;0.202527;
111.558;-22.2488;-4.83788;0.262193;0.116085;0.226956;112.731;-14.6426;-47.8486;0.275348;0.219909;0.0750806;102.554;-6.12279;-5.89339;0.157137;-0.0012964;0.199823;
114.417;-22.9974;2.73643;0.207581;-0.163501;0.378038;115.645;-14.3401;-48.8081;0.27345;0.258625;0.0903683;105.882;-6.03565;-5.38207;0.166504;-0.0078629;0.198036;
117.517;-22.2406;2.46546;0.366538;-0.195158;0.371953;118.55;-14.0239;-49.7955;0.216233;0.251965;0.0908084;108.645;-6.88068;-5.92305;0.17147;-0.00706162;0.191315;
120.672;-20.7685;4.18353;0.447839;-0.423514;0.219181;121.528;-13.6137;-50.5429;0.254973;0.192443;0.107293;111.242;-7.67757;-5.97512;0.159382;-0.00543834;0.192225;
123.488;-21.6942;2.98283;0.50226;-0.200216;0.290048;124.198;-12.8435;-50.4976;0.208136;0.170387;0.154762;113.464;-7.74485;-8.79378;0.154957;0.0141747;0.211118;
112.415;-18.5724;-58.8869;0.174519;0.432427;0.0969716;117.123;8.75791;-18.9513;0.100637;0.0535633;0.64464;115.092;-5.84903;-13.1309;0.134426;0.049082;0.32539;
114.977;-17.773;-60.2066;0.183072;0.403454;0.241579;119.711;9.85486;-19.7585;0.0964244;0.123244;0.605907;117.326;-5.23711;-15.9195;0.138899;0.0729388;0.41478;
132.592;-14.7088;-7.47321;-0.079933;0.102164;0.533015;122.671;10.5611;-16.4836;0.171984;-0.170301;0.680521;119.532;-2.82707;-19.2029;0.143154;0.0885716;0.527768;
135.402;-12.9241;-5.35939;-0.0996673;0.0585399;0.581183;136.991;-48.5586;8.79408;0.26988;-0.27102;0.0873107;121.914;-2.2077;-18.4847;0.145586;0.075105;0.621238;
137.896;-11.0471;-5.4443;-0.145179;0.0168971;0.662069;139.945;-47.3859;8.45707;0.244042;-0.116873;0.2519;124.15;-0.47363;-18.1706;0.147092;0.0703499;0.734216;
102.707;0.756853;-96.0129;-0.345469;0.834076;0.907757;142.707;-46.3791;8.42224;0.271418;-0.0891507;0.351556;126.424;1.78224;-17.0802;0.148694;0.0600296;0.839024;
123.158;42.0787;-58.222;0.482187;0.3096;1.33431;145.391;-45.0395;8.50603;0.279719;-0.0859632;0.443351;128.418;3.49665;-20.3295;0.140054;0.0700392;0.942666;
123.934;44.636;-59.4343;0.582362;0.223312;1.37771;147.945;-43.5212;8.57356;0.253222;-0.0901374;0.544681;130.339;5.89144;-20.2023;0.137266;0.066169;1.04785;
130.513;-1.61744;-65.6251;0.275102;0.314048;0.970427;150.343;-41.6914;8.70107;0.250424;-0.125172;0.669113;131.524;7.84356;-24.2063;0.129085;0.0834637;1.14931;
131.886;1.36286;-65.5541;0.29666;0.192624;1.12685;135.455;19.1575;5.93102;0.301331;-0.246501;1.51565;132.676;9.98368;-25.3812;0.135806;0.0848011;1.24073;
148.399;-4.56413;4.23348;0.211719;-0.0462347;1.21691;135.19;22.2006;6.75411;0.287156;-0.282555;1.63203;133.307;12.4446;-26.7845;0.13715;0.0887265;1.33871;
124.1;16.5331;-81.5772;-0.172793;0.515775;1.38861;134.673;24.9936;7.07107;0.226591;-0.278449;1.76362;133.953;14.2991;-28.5857;0.130382;0.0960009;1.4369;
132.712;10.2092;-69.3818;0.228949;0.220148;1.44027;133.709;27.794;7.69574;0.212156;-0.268597;1.88053;134.876;15.9972;-26.0945;0.122803;0.0736029;1.52232;
116.17;24.678;-92.501;0.0533364;0.342088;1.71141;132.471;30.5603;8.26924;0.206263;-0.272353;1.95411;134.905;19.4261;-26.279;0.131287;0.077278;1.61908;
116.615;27.9209;-91.2571;-0.210236;0.303106;1.86138;133.894;15.396;12.5244;0.552436;-0.299323;2.07718;134.7;21.9164;-26.6788;0.12991;0.0758516;1.71451;
114.569;30.5295;-93.0036;-0.0392241;0.11009;1.88073;129.129;35.1474;10.1113;0.308754;-0.332005;2.23544;134.538;25.2061;-27.5559;0.138874;0.0731998;1.81036;
113.793;33.1101;-92.5114;-0.0178301;0.228354;2.03202;127.576;37.586;9.99129;0.123679;-0.279916;2.32534;133.747;27.4797;-29.6222;0.130033;0.0850656;1.91288;
112.764;36.3508;-91.7014;-0.0116916;0.170722;2.0869;125.379;39.5648;10.3769;0.129329;-0.214974;2.41048;132.823;30.9502;-25.3039;0.12086;0.0555627;2.01357;
109.665;37.4884;-93.7765;-0.0407524;0.165984;2.37147;122.896;41.2769;10.7766;0.137451;-0.223705;2.51847;131.664;32.6206;-24.6466;0.104148;0.0450472;2.1081;
142.461;36.8679;14.1274;-0.152304;-0.31215;2.06894;120.272;42.7503;11.1806;0.170416;-0.190762;2.62806;130.766;34.5547;-23.6231;0.11207;0.0350341;2.2178;
140.256;39.0825;15.2185;-0.21086;-0.306084;2.18826;117.665;43.6445;12.4391;0.163134;-0.254837;2.79346;128.254;36.6707;-24.5314;0.101352;0.0494972;2.31669;
138.398;41.3315;16.0565;-0.24998;-0.302883;2.28831;114.222;18.0841;-121.614;0.430946;0.756901;2.23319;126.011;38.4432;-25.1518;0.112672;0.044253;2.4259;
136.024;42.7686;17.5817;-0.127615;-0.394058;2.44969;112.818;19.4745;-123.91;0.442796;0.781241;2.30323;123.986;39.6757;-30.7152;0.115656;0.0651591;2.51391;
116.817;50.3638;-62.3213;-0.0768323;0.0985618;2.52423;93.1136;27.8049;-138.762;-0.201892;0.889686;2.80867;121.47;41.3894;-28.1717;0.117713;0.0524852;2.61395;
130.235;49.1047;12.5738;0.134155;-0.136096;2.52388;91.4297;28.0621;-141.234;-0.161661;0.906523;2.96054;119.429;42.2732;-27.4254;0.140289;0.04816;2.70292;
127.839;46.3905;19.8891;-0.0876121;-0.295943;2.74898;107.894;22.1029;-131.055;0.278114;0.910336;2.70213;116.349;43.5224;-27.1747;0.127596;0.0461712;2.81553;
125.007;47.3549;20.573;-0.131772;-0.313125;2.84007;106.634;22.5285;-133.638;0.231552;0.978322;2.81182;115.305;43.2245;-23.2704;0.136738;0.0295233;2.90095;
78.6014;70.5628;-80.3664;0.503345;0.197993;3.49366;105.148;22.8599;-136.14;0.275414;0.948471;2.9013;112.472;43.7216;-23.8543;0.141228;0.0324737;3.0036;
118.076;49.7505;21.8081;-0.240506;-0.270586;3.03211;103.494;23.0834;-138.658;0.264526;0.950118;2.97;108.994;44.3713;-23.1478;0.12807;0.0315819;3.12155;
79.8776;52.7281;-83.9333;0.25692;0.361427;3.72361;98.7414;61.331;105.689;-0.504205;-0.420966;3.28511;107.48;43.872;-18.9561;0.127438;0.0222207;3.21236;
116.284;44.1419;-4.22083;0.0367595;0.00630758;3.01035;114.689;44.9115;-91.5177;0.509534;0.288911;2.85355;105.408;43.5896;-17.4298;0.115746;-0.00186145;3.29941;
113.185;44.1411;-4.50093;0.03701;0.0184603;-3.14207;81.9814;51.3635;-107.47;0.0455641;0.309845;-2.98102;102.506;42.886;-17.2115;0.124827;-0.00686249;-2.87958;
105.158;49.2559;22.7309;-0.00667382;-0.41457;-2.85448;79.5026;50.6148;-108.888;0.0624926;0.375309;-2.84818;100.665;41.8323;-13.4709;0.125488;-0.0229202;-2.78169;
102.711;50.0349;18.4242;-0.071866;-0.117182;-2.82894;76.8925;49.5862;-110.196;0.0701536;0.383307;-2.75727;97.3806;40.8952;-13.2572;0.104944;-0.0169174;-2.662;
100.625;44.3086;23.9196;-0.259446;-0.127493;-2.61094;74.5151;48.2033;-111.201;0.0951535;0.301089;-2.63718;95.2242;39.4108;-12.0286;0.0992231;-0.0220322;-2.5564;
98.1543;42.6114;24.1553;-0.207172;-0.135087;-2.51664;72.1727;46.5257;-112.105;0.0725832;0.228267;-2.53419;92.862;37.4653;-13.2383;0.101549;-0.0356225;-2.45368;
94.5216;46.5491;18.4129;-0.18483;-0.0514931;-2.6173;70.4124;41.1708;-110.163;0.100607;0.229554;-2.35619;92.0838;35.5307;-8.14124;0.097516;-0.0618324;-2.36814;
94.3778;38.9288;21.4649;-0.136171;-0.181867;-2.23881;68.462;38.9252;-110.887;0.0346174;0.183826;-2.28606;91.1161;32.6289;-6.48141;0.0953956;-0.0756392;-2.27348;
92.7062;36.3777;21.4011;-0.0441113;-0.103016;-2.13401;66.8143;36.526;-111.604;0.0202378;0.18103;-2.19229;89.7362;30.6514;-4.71939;0.0933626;-0.0797597;-2.17772;
91.0539;33.9796;22.1486;-0.132036;-0.176428;-2.09567;83.7719;43.0758;-88.6235;-0.058718;0.395614;-2.14086;88.5263;28.5921;-3.00074;0.0699364;-0.0858959;-2.09003;
88.6036;34.0477;22.8981;-0.218057;-0.0824255;-2.08599;82.5487;40.7768;-89.9758;-0.0435833;0.395987;-2.04724;87.6972;26.0041;-1.44188;0.0581373;-0.0856909;-2.00149;
89.8571;21.6572;25.9848;0.0941005;-0.282435;-1.62237;81.6324;38.2375;-91.251;-0.0668039;0.374055;-1.92872;87.45;23.0353;2.4394;0.0730256;-0.0978709;-1.86222;
93.9417;5.43186;8.77575;0.205386;-0.120294;-1.78556;57.3099;21.2905;-102.838;-0.26677;-0.00469973;-1.77906;86.7483;20.0785;3.63617;0.0585908;-0.0964741;-1.84643;
87.8074;22.4135;22.5706;-0.060081;-0.146749;-1.86544;56.519;18.3984;-103.073;-0.245449;0.0187067;-1.79455;86.628;16.8251;6.27335;0.0689676;-0.10772;-1.84903;
91.7187;7.00453;-4.46511;-0.0970605;-0.147063;-1.67972;55.9487;15.393;-103.361;-0.253748;0.0496185;-1.74032;85.8022;14.1051;6.82832;0.0670269;-0.115087;-1.8469;
86.7743;2.9056;27.1872;0.594796;-0.284465;-1.73871;71.9757;23.4405;-79.2811;-0.0883582;0.189025;-1.40133;85.0753;11.6156;5.66424;0.0628148;-0.107278;-1.84325;
86.0229;13.3155;22.9648;-0.0348664;-0.0653873;-1.82191;72.4472;20.5896;-80.1053;-0.0726028;0.217598;-1.44136;84.7227;8.68745;7.49573;0.0695674;-0.121702;-1.8403;
88.3105;8.35468;8.35472;0.662811;-0.131615;-1.99517;72.775;17.7434;-81.0737;-0.120516;0.242723;-1.46723;83.9798;5.90392;8.01;0.068982;-0.124918;-1.83586;
87.7685;5.06316;7.96542;0.599948;-0.110044;-1.9033;71.8502;14.9104;-80.1821;-0.142833;0.181692;-1.37069;82.8689;3.72126;9.74793;0.0627888;-0.121813;-1.85144;
87.3707;-4.53133;-0.643311;-0.00273905;-0.0996904;-1.72275;72.2085;12.0773;-80.9191;-0.161392;0.167418;-1.40369;82.1197;1.27276;10.2434;0.0469754;-0.121649;-1.8531;
83.6757;4.17713;23.0158;-0.152536;-0.035926;-1.71166;70.3766;7.76722;-79.8793;-0.224115;0.105822;-1.51531;81.4167;-1.96638;11.7176;0.0487172;-0.12269;-1.8631;
81.3375;-16.0821;-24.0984;-0.0545099;0.00333779;-1.71655;69.9878;4.81294;-80.7015;-0.214584;0.157669;-1.59766;80.7351;-5.13663;10.8736;0.0702632;-0.115063;-1.88232;
84.4369;-14.7946;-3.52619;-0.155387;-0.116082;-1.81106;71.0543;-0.486689;-77.171;0.0478645;0.261287;-1.79911;79.8781;-8.11231;11.4692;0.079743;-0.11428;-1.98641;
82.8025;-18.4313;-3.50215;-0.268161;-0.0534812;-1.92633;91.8372;-27.6509;44.715;0.598069;-0.349764;-1.68166;78.1749;-12.4373;10.193;0.0667209;-0.109807;-2.07845;
80.9634;-20.3253;-2.90781;-0.0445442;0.00403528;-2.07977;91.1545;-31.5001;45.9411;0.559026;-0.349326;-1.79804;76.2698;-16.0622;9.61884;0.0681524;-0.0976391;-2.18275;
78.2398;-24.9375;-2.49691;-0.251184;-0.0963817;-2.17823;89.9463;-35.1632;47.0773;0.558631;-0.328457;-1.91462;74.2214;-19.2598;10.6396;0.0601829;-0.101077;-2.27096;
72.8815;-16.4289;29.676;-0.0472181;-0.144123;-2.42381;87.5728;-37.753;48.784;0.502109;-0.35654;-2.08804;71.3989;-21.4937;12.574;0.0811598;-0.111175;-2.37695;
73.1461;-29.3769;-2.64459;-0.0802806;-0.0708723;-2.35866;85.3484;-40.8022;50.0118;0.543989;-0.357899;-2.21488;68.2711;-24.0438;12.0159;0.105709;-0.107199;-2.47927;
66.9032;-21.4064;30.8896;0.090093;-0.140746;-2.55043;46.1419;-4.23019;21.6538;0.0368371;-0.0768052;-2.90596;64.6179;-25.934;10.1246;0.0896207;-0.104342;-2.58509;
63.1483;-22.8734;32.6792;0.10108;-0.207479;-2.65464;42.1483;-4.86778;21.5538;-0.00406907;-0.034312;-2.99661;61.2612;-27.7414;10.0191;0.0859278;-0.109412;-2.68238;
61.4096;-38.0018;-3.87522;-0.20076;-0.103783;-2.55356;41.2713;-7.12756;31.1916;-0.108295;-0.158304;-3.06109;57.6834;-29.0291;9.56986;0.0883097;-0.104386;-2.77915;
57.666;-39.3139;-3.67369;-0.261541;-0.0927118;-2.68319;37.2363;-7.19823;31.4292;-0.104321;-0.144284;-3.11823;54.1929;-31.019;8.23853;0.0963185;-0.102263;-2.87538;
51.7516;-42.741;5.32924;0.161067;-0.144541;-2.79745;55.0787;-22.0102;62.7983;-0.355438;-0.657543;-2.88167;49.8862;-31.4471;7.29281;0.103373;-0.0942253;-2.99385;
47.7642;-43.1875;5.50162;0.105227;-0.130321;3.32492;49.7942;-23.4757;63.691;-0.0149277;-0.444448;3.30635;45.9143;-32.4926;5.11781;0.107151;-0.0821406;3.18587;
47.952;-39.1167;-1.23123;-0.125419;-0.0715242;3.18875;47.6064;-26.2153;61.0672;-0.0284399;-0.452201;3.19566;41.8509;-32.8904;4.50463;0.105824;-0.0817376;3.08759;
43.9467;-39.4251;-0.864919;-0.0500036;-0.0695706;3.10409;43.7813;-26.1444;62.7993;-0.0211281;-0.466273;3.13343;37.9553;-31.599;4.97867;0.111872;-0.0753275;2.98014;
39.4318;-39.2455;-2.95173;-0.127104;0.026682;3.02432;31.6989;-13.1362;8.36814;0.589687;0.0130514;2.59299;34.0574;-30.6015;4.80004;0.102758;-0.0760391;2.86689;
33.2197;-20.6959;35.3689;-0.25969;-0.266034;2.72063;28.3893;-10.8928;8.06391;0.547706;0.0346608;2.50822;30.55;-28.7644;6.68692;0.0955746;-0.0884746;2.76393;
29.8027;-18.4221;35.7651;-0.236412;-0.193068;2.58476;19.3312;-17.6085;-9.64379;-0.247371;-0.0668019;2.51218;27.1445;-27.3949;8.13547;0.0840496;-0.0986628;2.68182;
24.6616;-39.3189;6.01053;0.105138;-0.00427953;2.73438;23.392;-5.61293;7.59782;0.685899;-0.0814042;2.30698;24.0571;-25.7369;8.85154;0.0758697;-0.107196;2.57766;
20.6408;-37.8907;7.20544;0.188331;-0.0911438;2.66473;21.5245;-1.67951;7.02954;0.638186;0.0300207;2.17201;21.1335;-24.366;8.47054;0.0689175;-0.0999154;2.48924;
19.9183;-35.7895;0.251015;-0.0919014;-0.120961;2.52461;17.9869;-7.56966;1.60021;0.525512;0.0919886;2.21712;18.0866;-22.1812;7.12221;0.0801903;-0.0998237;2.38349;
16.5406;-34.3486;1.65571;-0.092668;-0.177673;2.43426;15.7489;-4.25443;1.12229;0.55901;0.0738161;2.12925;15.5232;-19.9611;6.0518;0.0663389;-0.0886012;2.29136;
9.03595;-34.3484;1.68159;0.258921;-0.0795064;2.59327;14.1234;-0.67688;0.188249;0.464836;0.133383;2.00927;12.9689;-17.2825;3.82731;0.0677568;-0.0811816;2.19443;
11.9742;6.96962;30.3739;0.613798;-0.212169;1.84732;3.55279;16.0091;54.4835;-0.325398;-0.287713;1.8844;11.3952;-14.47;3.33679;0.0732408;-0.0847287;2.09383;
10.0725;10.5347;27.7281;0.870382;-0.00187349;1.852;2.85116;19.7617;55.4929;-0.343156;-0.31532;1.7868;9.68527;-11.8069;2.00055;0.0477168;-0.0753877;2.00974;
4.26896;-5.91611;-28.6259;0.369322;0.0705093;1.73995;2.58059;23.5401;56.5596;-0.342021;-0.344506;1.68584;8.34849;-8.80097;1.30372;0.0416065;-0.0742958;1.91427;
3.82387;-1.90194;-28.5605;0.391527;0.0305276;1.6358;2.53554;27.3716;57.7026;-0.36252;-0.341312;1.60277;7.18688;-5.23261;1.19104;0.0417055;-0.0698046;1.81874;
4.52694;2.28698;-28.1733;0.454679;-0.0195523;1.56818;3.62099;39.8896;46.9409;-0.337716;-0.205508;1.43547;6.57784;-1.09474;2.9131;0.0437599;-0.0768685;1.72092;
1.98153;11.9544;-26.399;-0.107062;0.190911;1.61947;12.1339;11.9007;55.255;-0.0103978;-0.514124;1.57322;6.22774;2.70318;1.75846;0.0596271;-0.0799813;1.61858;
5.73378;10.0936;-28.3276;0.456286;-0.0480861;1.33374;0.709473;-1.05589;1.48615;-0.120866;-0.212813;1.80736;6.64102;6.91299;-0.169136;0.048519;-0.0709832;1.49742;
16.77;17.8192;-19.2436;0.232237;-0.206941;0.993937;1.56446;3.15206;1.38642;-0.0108878;-0.111221;1.56054;8.02174;11.7693;-2.19277;0.0605741;-0.056535;1.37178;
19.0031;20.9562;-18.1355;0.243371;-0.254767;0.928889;1.89553;1.42682;4.03038;-0.243907;-0.115144;1.55794;8.87488;15.9686;-3.36485;0.0621116;-0.0493718;1.27079;
22.2739;22.8783;-16.6243;0.172747;-0.298491;0.727281;-5.4935;1.15061;1.57453;0.359961;-0.0608714;1.43279;10.0689;19.8766;-3.9628;0.067702;-0.0470794;1.16608;
22.5227;26.9288;-14.783;0.201748;-0.251444;0.788822;-5.33179;5.04197;-0.310954;0.358185;0.0108566;1.35528;12.4882;23.6647;-7.91432;0.0609529;-0.0322514;1.04992;
28.2951;26.5483;-14.1335;0.147148;0.072357;0.830548;-4.38359;8.86726;-0.532144;0.342469;-0.0063869;1.30233;13.4988;26.9828;-12.2952;0.0492037;-0.00693258;0.962416;
14.9671;26.3196;-32.3099;-0.0600222;-0.116259;0.724121;21.6757;51.3894;40.0158;0.630817;-0.174636;0.872288;15.7424;30.2475;-13.2219;0.0214781;0.00308333;0.864915;
25.4349;38.6606;-9.7253;-0.307192;-0.02004;0.723687;24.4673;54.3935;40.4848;0.618994;-0.147973;0.787886;18.9396;32.8833;-12.4337;0.0322131;-0.011331;0.763579;
28.9781;40.5147;-7.638;-0.280752;-0.105601;0.564623;27.2639;57.3074;40.8125;0.577677;-0.140559;0.74048;22.0637;35.3104;-13.6776;0.0342108;0.0074345;0.668336;
34.7717;40.0774;-7.90831;-0.287598;-0.0830963;0.375616;30.2488;59.7721;41.2454;0.535693;-0.155109;0.678722;25.0786;37.0038;-15.8633;0.0615387;0.00323613;0.560577;
23.3156;36.2231;-36.6927;0.151749;-0.0744537;0.521505;33.3835;62.0419;41.8154;0.530714;-0.195403;0.58625;28.4795;38.6444;-15.8779;0.0493963;0.00285205;0.462486;
34.6696;39.4161;-28.9464;0.335172;-0.109457;0.248643;28.1321;58.7239;46.0003;0.490745;-0.202841;0.420805;32.3178;39.3909;-18.7305;0.0464309;0.00191539;0.341059;
43.2508;40.7092;20.661;-0.0199384;-0.132562;0.205431;31.8767;60.2786;46.6173;0.541017;-0.174453;0.364312;36.1988;40.529;-20.9423;0.0475443;0.0166421;0.238785;
47.0091;40.3445;22.462;0.0898838;-0.257595;0.0299838;35.63;61.5654;47.0876;0.504295;-0.167582;0.286358;39.985;41.3373;-20.8151;0.0490247;0.0197552;0.135841;
49.6319;38.8557;-26.7523;0.401366;-0.141474;-0.082738;39.5857;62.3788;47.5102;0.467412;-0.15194;0.173543;43.4481;41.5263;-21.3501;0.0608121;0.0291004;0.0435474;
52.3819;41.4995;-24.7724;0.122508;0.0550002;-0.347784;43.4487;62.9133;48.1095;0.558262;-0.176024;0.100623;47.4074;41.3986;-21.3655;0.0717928;0.0360287;-0.0699599;
55.6654;40.6764;-26.4251;0.0498581;0.101662;-0.409345;47.3256;63.0429;48.7004;0.558654;-0.185487;0.00562561;50.9475;40.6927;-21.5873;0.0755373;0.0182453;-0.171054;
59.416;39.4705;-26.9321;0.0855294;0.0848411;-0.407729;51.2968;62.9572;49.5297;0.566846;-0.215736;-0.0795383;54.7329;39.766;-21.3479;0.0881865;0.0164013;-0.275927;
66.4934;36.6371;20.0086;-0.144822;-0.144885;-0.497195;55.1725;62.4419;50.2459;0.578722;-0.223136;-0.17885;59.5674;37.7681;-21.4835;0.0866409;0.0101434;-0.387589;
70.5011;28.5728;-26.7399;-0.16684;0.201115;-0.536561;59.0096;61.6449;51.1408;0.571468;-0.266814;-0.243821;63.202;35.8869;-23.6773;0.115163;0.0220657;-0.49526;
73.3127;25.6703;-28.0195;-0.0829444;0.224374;-0.703757;62.4427;59.5533;51.7125;0.60345;-0.225761;-0.479272;66.1441;34.1458;-24.117;0.108771;0.0116803;-0.579459;
65.1576;40.5046;35.0813;0.465824;-0.266752;-0.442886;65.7423;57.7024;52.492;0.64076;-0.217305;-0.538099;69.1138;32.2445;-23.8784;0.114126;0.0131826;-0.672527;
75.6172;30.1106;-27.7041;0.077334;0.0560208;-0.855349;68.8226;55.3043;53.2436;0.619331;-0.22684;-0.684369;71.6176;29.5821;-23.7928;0.114965;0.00941019;-0.772625;
76.4454;20.2484;-37.7151;0.24312;0.0268887;-0.964268;71.8711;52.7881;54.0374;0.636347;-0.254753;-0.720776;74.5637;26.7215;-23.7386;0.117608;0.00559425;-0.812527;
71.9763;30.4938;43.0539;0.303591;-0.339386;-0.614833;74.9564;50.4374;54.9988;0.662827;-0.239526;-0.646652;77.6243;24.5641;-25.0776;0.12543;0.0198889;-0.716532;
84.4463;20.0354;-29.545;-0.0331186;0.13962;-0.644098;78.3498;48.567;55.8384;0.703933;-0.255568;-0.557954;80.7628;23.109;-25.6209;0.125651;0.0244467;-0.591778;
83.9046;14.9332;-40.456;0.0544552;0.24128;-0.620057;81.6938;46.661;57.5362;0.626034;-0.315948;-0.481822;83.9796;21.5251;-25.8277;0.130236;0.0263863;-0.491284;
88.5165;9.9218;-39.1953;0.24711;0.0555855;-0.595041;85.2773;45.4641;58.7903;0.617826;-0.347599;-0.35203;87.6746;19.1541;-29.3092;0.121432;0.0454182;-0.403569;
89.1025;11.1716;-45.3177;-0.3432;0.000152861;-0.323466;88.5568;43.6761;59.408;0.725517;-0.302941;-0.31427;91.333;17.6786;-29.8346;0.127805;0.0454684;-0.313739;
95.254;5.65635;-41.518;0.322303;0.0432312;-0.503297;88.3434;0.463679;-19.8246;0.266017;-0.198801;-0.553696;95.264;16.7431;-28.718;0.101199;0.0415834;-0.213948;
93.9385;45.127;-27.4896;0.653001;0.00474129;0.311979;93.65;-0.642046;-7.82977;-0.016482;-0.47821;-0.383563;99.1383;15.5722;-30.1932;0.0942394;0.0473567;-0.121084;
103.194;3.44579;-41.9428;0.299754;0.0427532;-0.298518;97.0795;-1.53303;-6.08996;-0.0123841;-0.495217;-0.273741;102.724;14.3435;-30.4471;0.0922761;0.0509136;-0.0386931;
107.119;2.57708;-42.7676;0.311573;0.0915042;-0.227585;113.198;41.6177;-45.041;-0.139404;0.361322;0.461209;106.453;14.129;-31.2036;0.073276;0.0532694;0.0582478;
103.446;52.3561;-28.3635;0.655303;0.0304062;0.682842;116.293;43.876;-46.2907;-0.110454;0.333492;0.60319;110.075;15.1068;-29.9246;0.0830991;0.048561;0.161986;
106.722;54.4793;-28.4774;0.575442;0.0161066;0.787293;119.408;46.0283;-47.552;-0.136957;0.286137;0.633305;113.816;16.1866;-30.2243;0.106694;0.0469431;0.265451;
127.262;-3.11037;1.51934;0.211639;-0.236123;0.322963;122.238;48.6167;-48.8667;-0.129759;0.286242;0.759653;117.34;16.7166;-29.4001;0.102553;0.033414;0.364879;
123.067;5.86628;-44.5377;0.260648;0.0572149;0.292495;124.133;51.3411;-51.9088;-0.144242;0.450094;0.857143;121.107;18.5684;-28.5261;0.096876;0.028558;0.466453;
127.028;6.73095;-44.0695;0.393697;-0.0078429;0.339513;127.378;54.3435;-50.9781;-0.127557;0.23786;0.924818;124.504;19.28;-29.2044;0.112976;0.0338032;0.546044;
130.128;9.49692;-45.3297;0.246123;0.0497852;0.496243;129.263;57.3919;-52.7021;-0.112167;0.28333;1.03128;127.616;20.6553;-30.7697;0.089544;0.0541541;0.637367;
141.356;0.731052;5.86868;0.397775;-0.256952;0.530113;123.027;35.6035;-10.8944;0.254172;-0.428941;0.967493;130.763;23.168;-31.8172;0.0928839;0.0527364;0.743537;
132.933;13.24;-55.346;-0.416446;0.2341;0.589706;124.555;38.9669;-9.41819;0.284527;-0.414324;1.12196;133.267;26.7013;-30.7421;0.0901783;0.0456409;0.853162;
138.918;17.3868;-46.6033;0.28686;0.0357968;0.80977;125.764;42.4668;-7.99958;0.284296;-0.405141;1.21817;135.791;28.0524;-31.9744;0.103074;0.0416205;0.936225;
130.881;39.2852;-62.5791;0.103113;-0.0211394;1.21615;128.039;44.8169;-5.15035;0.247056;-0.476861;1.31663;137.772;31.0136;-33.8255;0.104357;0.0471995;1.03622;
135.473;17.9919;-68.3627;-0.213374;-0.034708;0.913089;128.531;48.412;-3.40791;0.229763;-0.500866;1.40638;140.224;32.2578;-35.436;0.0945595;0.0470999;1.12171;
136.818;21.3379;-69.8064;-0.250257;-0.0314668;1.06536;128.679;52.1982;-1.84858;0.184456;-0.453873;1.52801;142.124;34.811;-36.0515;0.0939777;0.0447531;1.20403;
139.012;25.2806;-68.6478;-0.101635;-0.0240714;1.09341;128.278;55.7779;-0.168613;0.177936;-0.496469;1.65906;142.947;38.1165;-39.8438;0.0729016;0.0544283;1.29736;
139.806;28.8028;-69.6989;-0.194258;-0.088287;1.26447;127.401;59.1781;1.62099;0.18376;-0.514717;1.83593;143.229;43.0234;-41.5224;0.0772359;0.047923;1.40148;
146.673;44.0745;-47.4395;0.228344;0.0813418;1.63515;126.937;63.3894;2.2094;0.169118;-0.36244;1.84092;143.343;47.3639;-41.6917;0.081217;0.0470238;1.5063;
150.63;45.4907;-36.9959;0.0288094;-0.0579935;1.43631;125.562;66.8614;3.51193;0.133455;-0.370541;1.9431;143.307;50.7198;-41.3561;0.090902;0.0486658;1.61435;
149.966;49.8061;-37.6465;0.0515238;-0.010322;1.58814;123.892;70.236;4.69576;0.111889;-0.344004;2.01419;142.086;55.873;-42.4124;0.077483;0.046005;1.7257;
148.006;53.2426;-43.2883;-0.0176369;-0.055788;1.66368;121.902;73.3556;5.86121;0.132297;-0.355129;2.1324;141.257;59.2377;-43.2817;0.0714813;0.0438719;1.82627;
146.681;57.0461;-44.1589;0.078293;-0.00288464;1.75496;122.699;78.3419;1.54358;0.233534;-0.310378;2.19483;139.411;64.1752;-42.0708;0.0798649;0.0425611;1.93963;
140.264;68.0185;-49.2637;-0.295671;0.0554725;2.13038;120.212;81.2416;2.78189;0.268268;-0.323606;2.28354;138.928;66.4428;-40.7316;0.110843;0.0455426;2.01925;
142.64;72.0816;-33.1321;0.46643;0.03506;2.03071;117.303;83.7694;3.85161;0.260796;-0.315993;2.39079;137.76;68.9601;-42.0116;0.112133;0.0462463;2.10099;
140.216;65.764;-49.7445;0.206588;-0.0389856;2.17252;149.151;46.6809;-96.3537;-0.284575;0.448778;1.67067;136.519;70.9559;-41.6456;0.134447;0.0396496;2.18613;
152.476;53.8378;-8.05461;0.201067;-0.120548;2.27876;146.447;52.2385;-93.7475;-0.339477;0.258178;1.82429;134.719;73.373;-40.4089;0.126028;0.0345853;2.28006;
134.769;74.7541;-45.621;0.00418286;7.74842e-05;2.25687;109.554;91.6838;7.889;0.20063;-0.377892;2.54656;132.32;75.589;-38.7216;0.138266;0.03911;2.37825;
133.744;76.9412;-39.3175;-0.0902778;-0.19205;2.35405;106.232;93.3906;9.11863;0.186454;-0.380202;2.66492;129.302;77.8814;-37.2849;0.147996;0.0345838;2.48226;
138.634;65.8252;-36.0408;-0.124002;0.00377408;2.32153;122.77;63.1165;16.7596;0.42212;-0.298081;2.87932;126.993;79.2849;-39.1849;0.161872;0.0400284;2.56508;
121.903;92.5192;29.0884;-0.0848781;-0.0808517;2.55446;118.876;63.4842;17.7304;0.480265;-0.268105;3.02773;122.527;82.2745;-39.8067;0.163526;0.0399409;2.67325;
131.373;69.0121;-38.7557;-0.0689687;0.102951;2.67332;115.074;63.219;18.8016;0.439997;-0.3188;3.1636;117.814;84.3488;-39.0766;0.172333;0.0290721;2.80155;
109.364;88.3121;-55.0084;0.588904;-0.110493;2.994;111.232;62.8347;19.7451;0.443707;-0.297088;3.21339;113.598;86.3512;-41.2767;0.199147;0.0351375;2.90499;
105.232;88.6117;-55.2753;0.536884;-0.0809625;3.04438;108.015;63.6413;22.0521;0.419733;-0.323057;3.31899;110.817;86.8878;-39.189;0.204463;0.0262612;2.9969;
101.194;88.5796;-55.3691;0.548035;-0.0393852;3.12233;104.338;62.5451;23.166;0.439952;-0.345943;3.42359;107.584;86.2993;-40.0783;0.192859;0.0261535;3.09104;
97.5178;87.8159;-55.2632;0.691722;-0.0564778;-3.03225;88.4238;115.392;77.9821;0.715869;-0.316961;-3.05034;103.617;86.5477;-38.6927;0.19818;0.0075982;-3.09193;
100.457;88.9325;-37.0168;0.276849;0.14512;-2.95251;84.6513;114.607;79.2713;0.711332;-0.347717;-2.98009;100.323;86.132;-38.2021;0.21697;-0.00191879;-3.0002;
96.067;91.2987;-29.7672;0.242362;-0.127678;-3.02526;80.9541;113.511;80.3594;0.634515;-0.34602;-2.89092;96.3966;85.2891;-38.3219;0.226655;-0.0019851;-2.89714;
92.8964;86.3517;-37.8639;0.276551;0.070079;-2.79183;120.289;66.3464;-70.8394;0.158537;0.266865;-3.15464;92.6209;84.0934;-38.4742;0.233728;-0.00276467;-2.79001;
90.2058;83.2499;-39.0029;0.375512;0.169015;-2.55894;116.388;66.2268;-71.9688;0.199249;0.253367;-3.10654;88.3776;82.734;-38.438;0.242376;-0.00370277;-2.68172;
80.8375;75.6909;-58.3164;0.531187;0.0546432;-2.41213;112.628;65.6872;-73.359;0.225606;0.283592;-2.99342;85.3609;79.9908;-37.4969;0.234882;-0.0123967;-2.58015;
84.0379;78.2863;-39.6311;0.160633;0.162069;-2.37299;108.927;64.7661;-74.579;0.247353;0.222818;-2.91625;82.46;77.4311;-35.9557;0.222274;-0.0174261;-2.47789;
77.3467;83.9455;-27.7205;0.204933;-0.134561;-2.61607;71.7076;80.052;-86.3507;-0.0297393;0.272172;-2.45565;79.9436;74.733;-36.0959;0.233271;-0.0142269;-2.3742;
78.0899;69.927;44.4078;0.110542;-0.335652;-2.06703;68.7755;77.3365;-86.9495;0.0604283;0.179087;-2.38751;76.9322;72.2042;-37.7745;0.2246;-0.00447267;-2.26981;
76.0865;70.0682;-38.2957;0.273611;-0.00764935;-2.09771;67.4368;72.7317;-86.9029;0.101193;0.197835;-2.12638;74.3151;69.0814;-37.3745;0.221801;-0.00682202;-2.17053;
80.5013;64.1232;-29.078;-0.0290728;-0.126861;-2.39119;74.696;56.4307;-90.7111;0.50853;0.375106;-1.88492;72.7118;65.8969;-36.0978;0.217091;-0.0211735;-2.08059;
79.3926;58.6637;-31.8622;-0.239589;-0.0740809;-2.16344;74.0277;52.9578;-92.5406;0.516811;0.429882;-1.78538;71.0158;62.4867;-34.365;0.225382;-0.0279013;-1.98536;
70.7566;64.9316;-30.599;0.502065;-0.12978;-1.88196;74.3123;48.7985;-93.0098;0.476447;0.303652;-1.61459;70.2188;58.9661;-30.9135;0.227205;-0.0440137;-1.88314;
64.9687;64.7284;-34.8957;0.370377;0.00821576;-1.98798;74.5333;45.1486;-94.6018;0.48228;0.361076;-1.53641;69.7802;55.5248;-27.9888;0.221087;-0.0545311;-1.81214;
51.5503;60.948;-52.8546;-0.0215317;0.272906;-1.30629;75.0648;41.4242;-95.94;0.52548;0.292173;-1.45321;69.5314;51.612;-25.5959;0.208071;-0.0661502;-1.71474;
60.8661;65.3496;29.0186;-0.067808;0.110898;-1.83902;76.2174;37.7344;-97.2902;0.527258;0.28918;-1.32725;69.6781;47.7075;-22.8467;0.193644;-0.0641067;-1.63198;
60.0233;62.7399;31.5633;0.127485;-0.0318393;-1.69709;77.0012;30.9171;-83.6783;0.435589;0.111646;-1.20458;69.5325;44.4814;-21.7784;0.202748;-0.0804526;-1.53082;
69.1853;46.3049;-37.8273;0.378529;0.047775;-1.43025;78.8182;27.3854;-84.2014;0.447086;0.0690602;-1.10778;70.3778;39.9784;-22.5577;0.203594;-0.0825011;-1.42975;
61.5862;47.6381;-46.8565;0.51842;-0.112751;-1.68254;73.7975;32.2831;-78.9898;-0.205616;0.320947;-1.10625;71.1865;36.5885;-21.828;0.197939;-0.0790498;-1.3167;
69.9395;32.609;-48.0823;0.390582;0.130814;-1.34775;75.778;29.1917;-80.3012;-0.208887;0.299762;-0.994267;72.9905;32.5385;-18.5933;0.196781;-0.0946248;-1.21048;
79.2728;15.1773;43.1806;0.197853;-0.391695;-1.05916;78.8837;25.6198;-80.5439;-0.106373;0.277518;-0.873927;74.8729;29.2315;-16.2926;0.190973;-0.0957301;-1.09685;
75.8704;31.6904;-42.6032;0.539083;0.0491499;-1.10244;81.5092;22.9202;-82.1552;-0.110266;0.353523;-0.800377;76.7511;26.156;-13.46;0.177895;-0.106063;-1.05288;
82.5913;7.40503;43.8325;0.0257439;-0.32076;-1.17706;85.2837;30.1023;-73.091;0.766645;0.131819;-0.927665;78.9345;22.514;-12.3933;0.173935;-0.10714;-1.0914;
87.301;37.2062;-6.22918;0.172988;-0.0480032;-0.650531;65.8688;23.1246;-18.1385;0.383529;-0.215121;-1.44104;80.7461;19.2149;-13.1764;0.187983;-0.107627;-1.18178;
79.3383;22.2413;-49.2723;0.834267;0.172986;-1.29768;55.3165;35.3473;24.8191;-0.0671825;0.0410827;-1.61563;82.5341;15.2084;-12.0085;0.195958;-0.116162;-1.26687;
82.9738;-4.27725;-49.2527;-0.306814;-0.0171109;-1.48459;55.9522;31.2636;29.4364;-0.0479049;-0.129617;-1.73488;84.8283;11.1125;-11.6155;0.1907;-0.124037;-1.34273;
95.0008;13.5693;-15.3146;0.22798;-0.170339;-1.12959;54.8405;27.3985;29.96;-0.00886289;-0.16717;-1.84061;86.4318;6.6639;-8.66406;0.19454;-0.138918;-1.42642;
95.9927;9.81551;-14.4264;0.190609;-0.141541;-1.28289;54.6554;23.5227;28.0711;-0.192884;-0.00207166;-1.86597;86.9923;3.33952;-10.2335;0.206713;-0.133396;-1.51829;
96.6232;6.03155;-13.13;0.263991;-0.242004;-1.40067;65.1413;3.75328;-27.5886;-0.0386972;-0.0161045;-1.86558;86.8754;-0.770487;-8.4625;0.208575;-0.135626;-1.61872;
96.9831;2.12907;-12.1888;0.302768;-0.273364;-1.48711;63.4561;0.0552113;-27.8554;-0.0297145;0.0164256;-1.98631;87.1604;-4.82732;-9.05122;0.206555;-0.130393;-1.70584;
79.4744;-23.3894;-51.5716;-0.238819;-0.040633;-1.99114;61.7763;-3.01829;-27.3306;-0.0871421;-0.0792758;-2.1516;86.138;-8.60595;-11.7816;0.21339;-0.107253;-1.81092;
77.6225;-26.9958;-51.9005;-0.286549;0.00729173;-2.06365;57.9005;3.15141;-30.5717;-0.0244013;-0.0576991;-2.2768;84.4163;-12.5038;-9.6982;0.214336;-0.110499;-1.92901;
95.4699;-9.99977;-11.6654;0.101464;-0.246356;-1.83053;55.1292;0.315771;-30.7114;0.0151305;-0.0254295;-2.33237;83.3999;-16.121;-8.95594;0.207916;-0.116192;-2.01498;
94.6469;-12.8641;-8.87026;0.258227;-0.202139;-1.93257;64.0099;-14.7878;-16.5459;-0.117124;-0.209333;-2.15527;81.6396;-20.0476;-9.51497;0.210763;-0.0974141;-2.11469;
#Tempo(s): 1.77
#Inicializacoes do filtro 1
#Fim